[
    {
        "left_id": "130763-N",
        "right_id": "130766-N"
    },
    {
        "left_id": "130766-N",
        "right_id": "130763-N"
    },
    {
        "left_id": "130872-N",
        "right_id": "119413-N"
    },
    {
        "left_id": "130893-N",
        "right_id": "130894-N"
    },
    {
        "left_id": "130894-N",
        "right_id": "130893-N"
    },
    {
        "left_id": "131375-N",
        "right_id": "106587-N"
    },
    {
        "left_id": "132107-N",
        "right_id": "127016-N"
    },
    {
        "left_id": "132129-N",
        "right_id": "118447-N"
    },
    {
        "left_id": "132156-N",
        "right_id": "135810-N"
    },
    {
        "left_id": "132618-N",
        "right_id": "132619-N"
    },
    {
        "left_id": "132619-N",
        "right_id": "132618-N"
    },
    {
        "left_id": "132688-N",
        "right_id": "132689-N"
    },
    {
        "left_id": "132689-N",
        "right_id": "132688-N"
    },
    {
        "left_id": "132915-N",
        "right_id": "118937-N"
    },
    {
        "left_id": "132935-N",
        "right_id": "135601-N"
    },
    {
        "left_id": "132939-N",
        "right_id": "119307-N"
    },
    {
        "left_id": "132943-N",
        "right_id": "119746-N"
    },
    {
        "left_id": "132946-N",
        "right_id": "119251-N"
    },
    {
        "left_id": "125180-N",
        "right_id": "114462-N"
    },
    {
        "left_id": "125198-N",
        "right_id": "125989-N"
    },
    {
        "left_id": "125205-N",
        "right_id": "119217-N"
    },
    {
        "left_id": "125206-N",
        "right_id": "119853-N"
    },
    {
        "left_id": "125218-N",
        "right_id": "136267-N"
    },
    {
        "left_id": "125221-N",
        "right_id": "119893-N"
    },
    {
        "left_id": "125221-N",
        "right_id": "119894-N"
    },
    {
        "left_id": "125243-N",
        "right_id": "164-N"
    },
    {
        "left_id": "125283-N",
        "right_id": "137181-N"
    },
    {
        "left_id": "125284-N",
        "right_id": "119072-N"
    },
    {
        "left_id": "125615-N",
        "right_id": "127137-N"
    },
    {
        "left_id": "125668-N",
        "right_id": "123856-N"
    },
    {
        "left_id": "125676-N",
        "right_id": "8170-N"
    },
    {
        "left_id": "125708-N",
        "right_id": "118453-N"
    },
    {
        "left_id": "125989-N",
        "right_id": "125198-N"
    },
    {
        "left_id": "126061-N",
        "right_id": "118837-N"
    },
    {
        "left_id": "126134-N",
        "right_id": "118179-N"
    },
    {
        "left_id": "126307-N",
        "right_id": "141570-N"
    },
    {
        "left_id": "126377-N",
        "right_id": "119136-N"
    },
    {
        "left_id": "126500-N",
        "right_id": "140700-N"
    },
    {
        "left_id": "127016-N",
        "right_id": "132107-N"
    },
    {
        "left_id": "127126-N",
        "right_id": "118023-N"
    },
    {
        "left_id": "127129-N",
        "right_id": "117096-N"
    },
    {
        "left_id": "127137-N",
        "right_id": "125615-N"
    },
    {
        "left_id": "127146-N",
        "right_id": "119236-N"
    },
    {
        "left_id": "127189-N",
        "right_id": "118696-N"
    },
    {
        "left_id": "128587-N",
        "right_id": "138187-N"
    },
    {
        "left_id": "128590-N",
        "right_id": "124629-N"
    },
    {
        "left_id": "128653-N",
        "right_id": "117940-N"
    },
    {
        "left_id": "128660-N",
        "right_id": "119007-N"
    },
    {
        "left_id": "129392-N",
        "right_id": "115949-N"
    },
    {
        "left_id": "129401-N",
        "right_id": "151653-N"
    },
    {
        "left_id": "129689-N",
        "right_id": "123742-N"
    },
    {
        "left_id": "136240-N",
        "right_id": "118938-N"
    },
    {
        "left_id": "136267-N",
        "right_id": "125218-N"
    },
    {
        "left_id": "136269-N",
        "right_id": "117960-N"
    },
    {
        "left_id": "136957-N",
        "right_id": "3709-N"
    },
    {
        "left_id": "137123-N",
        "right_id": "118705-N"
    },
    {
        "left_id": "137181-N",
        "right_id": "125283-N"
    },
    {
        "left_id": "137211-N",
        "right_id": "106848-N"
    },
    {
        "left_id": "137231-N",
        "right_id": "114389-N"
    },
    {
        "left_id": "137371-N",
        "right_id": "153619-N"
    },
    {
        "left_id": "137426-N",
        "right_id": "120865-N"
    },
    {
        "left_id": "137448-N",
        "right_id": "119162-N"
    },
    {
        "left_id": "137594-N",
        "right_id": "117958-N"
    },
    {
        "left_id": "137698-N",
        "right_id": "123428-N"
    },
    {
        "left_id": "137721-N",
        "right_id": "120408-N"
    },
    {
        "left_id": "137741-N",
        "right_id": "117891-N"
    },
    {
        "left_id": "137759-N",
        "right_id": "119600-N"
    },
    {
        "left_id": "137879-N",
        "right_id": "2672-N"
    },
    {
        "left_id": "137937-N",
        "right_id": "119285-N"
    },
    {
        "left_id": "138069-N",
        "right_id": "119005-N"
    },
    {
        "left_id": "138116-N",
        "right_id": "142180-N"
    },
    {
        "left_id": "138187-N",
        "right_id": "128587-N"
    },
    {
        "left_id": "138187-N",
        "right_id": "928-N"
    },
    {
        "left_id": "138204-N",
        "right_id": "119001-N"
    },
    {
        "left_id": "138204-N",
        "right_id": "119002-N"
    },
    {
        "left_id": "138211-N",
        "right_id": "1667-N"
    },
    {
        "left_id": "138237-N",
        "right_id": "120652-N"
    },
    {
        "left_id": "138339-N",
        "right_id": "118936-N"
    },
    {
        "left_id": "138351-N",
        "right_id": "106765-N"
    },
    {
        "left_id": "138604-N",
        "right_id": "123454-N"
    },
    {
        "left_id": "139170-N",
        "right_id": "120340-N"
    },
    {
        "left_id": "139172-N",
        "right_id": "119448-N"
    },
    {
        "left_id": "139189-N",
        "right_id": "119619-N"
    },
    {
        "left_id": "139227-N",
        "right_id": "115761-N"
    },
    {
        "left_id": "139619-N",
        "right_id": "119416-N"
    },
    {
        "left_id": "139645-N",
        "right_id": "1879-N"
    },
    {
        "left_id": "139659-N",
        "right_id": "219-N"
    },
    {
        "left_id": "139841-N",
        "right_id": "118930-N"
    },
    {
        "left_id": "140087-N",
        "right_id": "148982-N"
    },
    {
        "left_id": "140166-N",
        "right_id": "118964-N"
    },
    {
        "left_id": "140700-N",
        "right_id": "126500-N"
    },
    {
        "left_id": "140753-N",
        "right_id": "145873-N"
    },
    {
        "left_id": "134406-N",
        "right_id": "134407-N"
    },
    {
        "left_id": "134407-N",
        "right_id": "134406-N"
    },
    {
        "left_id": "135601-N",
        "right_id": "132935-N"
    },
    {
        "left_id": "135782-N",
        "right_id": "118557-N"
    },
    {
        "left_id": "135810-N",
        "right_id": "132156-N"
    },
    {
        "left_id": "135825-N",
        "right_id": "119941-N"
    },
    {
        "left_id": "135847-N",
        "right_id": "120664-N"
    },
    {
        "left_id": "135864-N",
        "right_id": "120158-N"
    },
    {
        "left_id": "135964-N",
        "right_id": "116901-N"
    },
    {
        "left_id": "135996-N",
        "right_id": "107586-N"
    },
    {
        "left_id": "136006-N",
        "right_id": "118022-N"
    },
    {
        "left_id": "145873-N",
        "right_id": "140753-N"
    },
    {
        "left_id": "148982-N",
        "right_id": "140087-N"
    },
    {
        "left_id": "150750-N",
        "right_id": "150753-N"
    },
    {
        "left_id": "150753-N",
        "right_id": "150750-N"
    },
    {
        "left_id": "151163-N",
        "right_id": "118886-N"
    },
    {
        "left_id": "151653-N",
        "right_id": "129401-N"
    },
    {
        "left_id": "151843-N",
        "right_id": "118180-N"
    },
    {
        "left_id": "141063-N",
        "right_id": "121011-N"
    },
    {
        "left_id": "141508-N",
        "right_id": "118739-N"
    },
    {
        "left_id": "141570-N",
        "right_id": "126307-N"
    },
    {
        "left_id": "142076-N",
        "right_id": "107334-N"
    },
    {
        "left_id": "142180-N",
        "right_id": "138116-N"
    },
    {
        "left_id": "143846-N",
        "right_id": "7603-N"
    },
    {
        "left_id": "144881-N",
        "right_id": "106947-N"
    },
    {
        "left_id": "144881-N",
        "right_id": "120999-N"
    },
    {
        "left_id": "144948-N",
        "right_id": "834-N"
    },
    {
        "left_id": "145146-N",
        "right_id": "152671-N"
    },
    {
        "left_id": "145471-N",
        "right_id": "119010-N"
    },
    {
        "left_id": "1667-N",
        "right_id": "138211-N"
    },
    {
        "left_id": "1847-N",
        "right_id": "153637-N"
    },
    {
        "left_id": "1879-N",
        "right_id": "139645-N"
    },
    {
        "left_id": "2114-N",
        "right_id": "5187-N"
    },
    {
        "left_id": "219-N",
        "right_id": "139659-N"
    },
    {
        "left_id": "2672-N",
        "right_id": "137879-N"
    },
    {
        "left_id": "3513-N",
        "right_id": "122207-N"
    },
    {
        "left_id": "3709-N",
        "right_id": "136957-N"
    },
    {
        "left_id": "4220-N",
        "right_id": "117311-N"
    },
    {
        "left_id": "152549-N",
        "right_id": "117905-N"
    },
    {
        "left_id": "152671-N",
        "right_id": "145146-N"
    },
    {
        "left_id": "152710-N",
        "right_id": "114267-N"
    },
    {
        "left_id": "152746-N",
        "right_id": "118714-N"
    },
    {
        "left_id": "152876-N",
        "right_id": "124633-N"
    },
    {
        "left_id": "153223-N",
        "right_id": "9034-N"
    },
    {
        "left_id": "153238-N",
        "right_id": "106480-N"
    },
    {
        "left_id": "153619-N",
        "right_id": "137371-N"
    },
    {
        "left_id": "153637-N",
        "right_id": "1847-N"
    },
    {
        "left_id": "154634-N",
        "right_id": "107336-N"
    },
    {
        "left_id": "164-N",
        "right_id": "125243-N"
    },
    {
        "left_id": "111133-N",
        "right_id": "111216-N"
    },
    {
        "left_id": "111216-N",
        "right_id": "111133-N"
    },
    {
        "left_id": "113450-N",
        "right_id": "122207-N"
    },
    {
        "left_id": "113477-N",
        "right_id": "119551-N"
    },
    {
        "left_id": "113557-N",
        "right_id": "123552-N"
    },
    {
        "left_id": "106474-N",
        "right_id": "116901-N"
    },
    {
        "left_id": "106480-N",
        "right_id": "153238-N"
    },
    {
        "left_id": "106491-N",
        "right_id": "107484-N"
    },
    {
        "left_id": "111784-N",
        "right_id": "124862-N"
    },
    {
        "left_id": "106559-N",
        "right_id": "115893-N"
    },
    {
        "left_id": "106587-N",
        "right_id": "131375-N"
    },
    {
        "left_id": "106701-N",
        "right_id": "118809-N"
    },
    {
        "left_id": "106763-N",
        "right_id": "106764-N"
    },
    {
        "left_id": "106764-N",
        "right_id": "106763-N"
    },
    {
        "left_id": "106765-N",
        "right_id": "138351-N"
    },
    {
        "left_id": "106767-N",
        "right_id": "120825-N"
    },
    {
        "left_id": "106797-N",
        "right_id": "120354-N"
    },
    {
        "left_id": "106848-N",
        "right_id": "137211-N"
    },
    {
        "left_id": "106872-N",
        "right_id": "119426-N"
    },
    {
        "left_id": "106925-N",
        "right_id": "106926-N"
    },
    {
        "left_id": "106926-N",
        "right_id": "106925-N"
    },
    {
        "left_id": "106926-N",
        "right_id": "120184-N"
    },
    {
        "left_id": "106944-N",
        "right_id": "115892-N"
    },
    {
        "left_id": "106946-N",
        "right_id": "115894-N"
    },
    {
        "left_id": "106947-N",
        "right_id": "144881-N"
    },
    {
        "left_id": "114313-N",
        "right_id": "120222-N"
    },
    {
        "left_id": "107178-N",
        "right_id": "119167-N"
    },
    {
        "left_id": "107237-N",
        "right_id": "114855-N"
    },
    {
        "left_id": "107334-N",
        "right_id": "142076-N"
    },
    {
        "left_id": "107336-N",
        "right_id": "154634-N"
    },
    {
        "left_id": "107484-N",
        "right_id": "106491-N"
    },
    {
        "left_id": "114314-N",
        "right_id": "115799-N"
    },
    {
        "left_id": "107586-N",
        "right_id": "135996-N"
    },
    {
        "left_id": "114203-N",
        "right_id": "114205-N"
    },
    {
        "left_id": "114368-N",
        "right_id": "114350-N"
    },
    {
        "left_id": "114205-N",
        "right_id": "114203-N"
    },
    {
        "left_id": "114205-N",
        "right_id": "119498-N"
    },
    {
        "left_id": "113828-N",
        "right_id": "119515-N"
    },
    {
        "left_id": "112688-N",
        "right_id": "119073-N"
    },
    {
        "left_id": "113857-N",
        "right_id": "119237-N"
    },
    {
        "left_id": "112842-N",
        "right_id": "118958-N"
    },
    {
        "left_id": "114267-N",
        "right_id": "152710-N"
    },
    {
        "left_id": "1001-N",
        "right_id": "4853-N"
    },
    {
        "left_id": "114000-N",
        "right_id": "115268-N"
    },
    {
        "left_id": "114350-N",
        "right_id": "114368-N"
    },
    {
        "left_id": "119009-N",
        "right_id": "119590-N"
    },
    {
        "left_id": "114389-N",
        "right_id": "137231-N"
    },
    {
        "left_id": "114462-N",
        "right_id": "125180-N"
    },
    {
        "left_id": "114651-N",
        "right_id": "116683-N"
    },
    {
        "left_id": "114855-N",
        "right_id": "107237-N"
    },
    {
        "left_id": "114915-N",
        "right_id": "115629-N"
    },
    {
        "left_id": "115268-N",
        "right_id": "114000-N"
    },
    {
        "left_id": "115629-N",
        "right_id": "114915-N"
    },
    {
        "left_id": "115761-N",
        "right_id": "139227-N"
    },
    {
        "left_id": "115799-N",
        "right_id": "114314-N"
    },
    {
        "left_id": "115892-N",
        "right_id": "106944-N"
    },
    {
        "left_id": "115893-N",
        "right_id": "106559-N"
    },
    {
        "left_id": "115894-N",
        "right_id": "106946-N"
    },
    {
        "left_id": "115949-N",
        "right_id": "129392-N"
    },
    {
        "left_id": "116683-N",
        "right_id": "114651-N"
    },
    {
        "left_id": "116901-N",
        "right_id": "106474-N"
    },
    {
        "left_id": "116901-N",
        "right_id": "135964-N"
    },
    {
        "left_id": "116938-N",
        "right_id": "116940-N"
    },
    {
        "left_id": "116940-N",
        "right_id": "116938-N"
    },
    {
        "left_id": "117096-N",
        "right_id": "127129-N"
    },
    {
        "left_id": "117311-N",
        "right_id": "4220-N"
    },
    {
        "left_id": "117806-N",
        "right_id": "119174-N"
    },
    {
        "left_id": "117874-N",
        "right_id": "119206-N"
    },
    {
        "left_id": "117891-N",
        "right_id": "137741-N"
    },
    {
        "left_id": "117905-N",
        "right_id": "152549-N"
    },
    {
        "left_id": "117940-N",
        "right_id": "128653-N"
    },
    {
        "left_id": "117942-N",
        "right_id": "118957-N"
    },
    {
        "left_id": "117958-N",
        "right_id": "137594-N"
    },
    {
        "left_id": "117959-N",
        "right_id": "118686-N"
    },
    {
        "left_id": "117960-N",
        "right_id": "136269-N"
    },
    {
        "left_id": "118012-N",
        "right_id": "120142-N"
    },
    {
        "left_id": "118022-N",
        "right_id": "136006-N"
    },
    {
        "left_id": "118023-N",
        "right_id": "127126-N"
    },
    {
        "left_id": "118028-N",
        "right_id": "120592-N"
    },
    {
        "left_id": "118056-N",
        "right_id": "119619-N"
    },
    {
        "left_id": "118057-N",
        "right_id": "119369-N"
    },
    {
        "left_id": "118135-N",
        "right_id": "118352-N"
    },
    {
        "left_id": "118141-N",
        "right_id": "118165-N"
    },
    {
        "left_id": "118150-N",
        "right_id": "119840-N"
    },
    {
        "left_id": "118164-N",
        "right_id": "119061-N"
    },
    {
        "left_id": "118165-N",
        "right_id": "118141-N"
    },
    {
        "left_id": "118179-N",
        "right_id": "126134-N"
    },
    {
        "left_id": "118180-N",
        "right_id": "151843-N"
    },
    {
        "left_id": "118186-N",
        "right_id": "118752-N"
    },
    {
        "left_id": "118231-N",
        "right_id": "118355-N"
    },
    {
        "left_id": "118299-N",
        "right_id": "119117-N"
    },
    {
        "left_id": "118352-N",
        "right_id": "118135-N"
    },
    {
        "left_id": "118355-N",
        "right_id": "118231-N"
    },
    {
        "left_id": "118371-N",
        "right_id": "119423-N"
    },
    {
        "left_id": "118425-N",
        "right_id": "119208-N"
    },
    {
        "left_id": "118425-N",
        "right_id": "124893-N"
    },
    {
        "left_id": "118445-N",
        "right_id": "118869-N"
    },
    {
        "left_id": "118447-N",
        "right_id": "132129-N"
    },
    {
        "left_id": "118453-N",
        "right_id": "125708-N"
    },
    {
        "left_id": "118454-N",
        "right_id": "119648-N"
    },
    {
        "left_id": "118466-N",
        "right_id": "119144-N"
    },
    {
        "left_id": "118520-N",
        "right_id": "119024-N"
    },
    {
        "left_id": "118557-N",
        "right_id": "135782-N"
    },
    {
        "left_id": "118598-N",
        "right_id": "119588-N"
    },
    {
        "left_id": "118607-N",
        "right_id": "119150-N"
    },
    {
        "left_id": "118608-N",
        "right_id": "119599-N"
    },
    {
        "left_id": "118658-N",
        "right_id": "120759-N"
    },
    {
        "left_id": "118686-N",
        "right_id": "117959-N"
    },
    {
        "left_id": "118696-N",
        "right_id": "127189-N"
    },
    {
        "left_id": "118705-N",
        "right_id": "137123-N"
    },
    {
        "left_id": "118714-N",
        "right_id": "152746-N"
    },
    {
        "left_id": "118716-N",
        "right_id": "121362-N"
    },
    {
        "left_id": "118739-N",
        "right_id": "119768-N"
    },
    {
        "left_id": "118739-N",
        "right_id": "141508-N"
    },
    {
        "left_id": "118752-N",
        "right_id": "118186-N"
    },
    {
        "left_id": "118771-N",
        "right_id": "119629-N"
    },
    {
        "left_id": "118809-N",
        "right_id": "106701-N"
    },
    {
        "left_id": "118822-N",
        "right_id": "119609-N"
    },
    {
        "left_id": "118829-N",
        "right_id": "119963-N"
    },
    {
        "left_id": "118964-N",
        "right_id": "140166-N"
    },
    {
        "left_id": "119001-N",
        "right_id": "119426-N"
    },
    {
        "left_id": "119001-N",
        "right_id": "138204-N"
    },
    {
        "left_id": "119002-N",
        "right_id": "138204-N"
    },
    {
        "left_id": "119005-N",
        "right_id": "138069-N"
    },
    {
        "left_id": "119007-N",
        "right_id": "128660-N"
    },
    {
        "left_id": "119010-N",
        "right_id": "145471-N"
    },
    {
        "left_id": "119024-N",
        "right_id": "118520-N"
    },
    {
        "left_id": "119039-N",
        "right_id": "119040-N"
    },
    {
        "left_id": "119040-N",
        "right_id": "119039-N"
    },
    {
        "left_id": "119047-N",
        "right_id": "119048-N"
    },
    {
        "left_id": "119048-N",
        "right_id": "119047-N"
    },
    {
        "left_id": "119060-N",
        "right_id": "119899-N"
    },
    {
        "left_id": "119061-N",
        "right_id": "118164-N"
    },
    {
        "left_id": "119072-N",
        "right_id": "125284-N"
    },
    {
        "left_id": "119073-N",
        "right_id": "112688-N"
    },
    {
        "left_id": "119117-N",
        "right_id": "118299-N"
    },
    {
        "left_id": "119136-N",
        "right_id": "126377-N"
    },
    {
        "left_id": "119144-N",
        "right_id": "118466-N"
    },
    {
        "left_id": "119150-N",
        "right_id": "118607-N"
    },
    {
        "left_id": "119150-N",
        "right_id": "119555-N"
    },
    {
        "left_id": "119155-N",
        "right_id": "119156-N"
    },
    {
        "left_id": "119156-N",
        "right_id": "119155-N"
    },
    {
        "left_id": "119162-N",
        "right_id": "137448-N"
    },
    {
        "left_id": "119167-N",
        "right_id": "107178-N"
    },
    {
        "left_id": "119167-N",
        "right_id": "123455-N"
    },
    {
        "left_id": "119169-N",
        "right_id": "123456-N"
    },
    {
        "left_id": "119174-N",
        "right_id": "117806-N"
    },
    {
        "left_id": "119206-N",
        "right_id": "117874-N"
    },
    {
        "left_id": "119208-N",
        "right_id": "118425-N"
    },
    {
        "left_id": "119209-N",
        "right_id": "119210-N"
    },
    {
        "left_id": "119210-N",
        "right_id": "119209-N"
    },
    {
        "left_id": "119217-N",
        "right_id": "125205-N"
    },
    {
        "left_id": "119236-N",
        "right_id": "127146-N"
    },
    {
        "left_id": "119237-N",
        "right_id": "113857-N"
    },
    {
        "left_id": "119249-N",
        "right_id": "119343-N"
    },
    {
        "left_id": "119251-N",
        "right_id": "132946-N"
    },
    {
        "left_id": "119283-N",
        "right_id": "119284-N"
    },
    {
        "left_id": "119284-N",
        "right_id": "119283-N"
    },
    {
        "left_id": "119285-N",
        "right_id": "137937-N"
    },
    {
        "left_id": "119299-N",
        "right_id": "118956-N"
    },
    {
        "left_id": "119307-N",
        "right_id": "132939-N"
    },
    {
        "left_id": "119314-N",
        "right_id": "119315-N"
    },
    {
        "left_id": "119314-N",
        "right_id": "124240-N"
    },
    {
        "left_id": "119315-N",
        "right_id": "119314-N"
    },
    {
        "left_id": "119343-N",
        "right_id": "119249-N"
    },
    {
        "left_id": "119353-N",
        "right_id": "120230-N"
    },
    {
        "left_id": "119369-N",
        "right_id": "118057-N"
    },
    {
        "left_id": "119411-N",
        "right_id": "123525-N"
    },
    {
        "left_id": "119413-N",
        "right_id": "130872-N"
    },
    {
        "left_id": "119416-N",
        "right_id": "139619-N"
    },
    {
        "left_id": "119422-N",
        "right_id": "120069-N"
    },
    {
        "left_id": "119423-N",
        "right_id": "118371-N"
    },
    {
        "left_id": "119426-N",
        "right_id": "106872-N"
    },
    {
        "left_id": "119426-N",
        "right_id": "119001-N"
    },
    {
        "left_id": "119448-N",
        "right_id": "139172-N"
    },
    {
        "left_id": "119472-N",
        "right_id": "119474-N"
    },
    {
        "left_id": "119474-N",
        "right_id": "119472-N"
    },
    {
        "left_id": "119498-N",
        "right_id": "114205-N"
    },
    {
        "left_id": "119515-N",
        "right_id": "113828-N"
    },
    {
        "left_id": "119536-N",
        "right_id": "121337-N"
    },
    {
        "left_id": "119550-N",
        "right_id": "119552-N"
    },
    {
        "left_id": "119551-N",
        "right_id": "113477-N"
    },
    {
        "left_id": "119552-N",
        "right_id": "119550-N"
    },
    {
        "left_id": "119555-N",
        "right_id": "119150-N"
    },
    {
        "left_id": "119555-N",
        "right_id": "119833-N"
    },
    {
        "left_id": "119568-N",
        "right_id": "119569-N"
    },
    {
        "left_id": "119569-N",
        "right_id": "119568-N"
    },
    {
        "left_id": "119571-N",
        "right_id": "121185-N"
    },
    {
        "left_id": "119588-N",
        "right_id": "118598-N"
    },
    {
        "left_id": "119590-N",
        "right_id": "119009-N"
    },
    {
        "left_id": "119599-N",
        "right_id": "118608-N"
    },
    {
        "left_id": "119600-N",
        "right_id": "137759-N"
    },
    {
        "left_id": "119604-N",
        "right_id": "119605-N"
    },
    {
        "left_id": "119605-N",
        "right_id": "119604-N"
    },
    {
        "left_id": "119609-N",
        "right_id": "118822-N"
    },
    {
        "left_id": "119619-N",
        "right_id": "118056-N"
    },
    {
        "left_id": "119619-N",
        "right_id": "139189-N"
    },
    {
        "left_id": "119629-N",
        "right_id": "118771-N"
    },
    {
        "left_id": "119640-N",
        "right_id": "121511-N"
    },
    {
        "left_id": "119645-N",
        "right_id": "119646-N"
    },
    {
        "left_id": "119646-N",
        "right_id": "119645-N"
    },
    {
        "left_id": "119648-N",
        "right_id": "118454-N"
    },
    {
        "left_id": "119694-N",
        "right_id": "120365-N"
    },
    {
        "left_id": "119746-N",
        "right_id": "132943-N"
    },
    {
        "left_id": "119768-N",
        "right_id": "118739-N"
    },
    {
        "left_id": "119775-N",
        "right_id": "119776-N"
    },
    {
        "left_id": "119776-N",
        "right_id": "119775-N"
    },
    {
        "left_id": "119808-N",
        "right_id": "119809-N"
    },
    {
        "left_id": "119809-N",
        "right_id": "119808-N"
    },
    {
        "left_id": "119833-N",
        "right_id": "119555-N"
    },
    {
        "left_id": "119834-N",
        "right_id": "119835-N"
    },
    {
        "left_id": "119835-N",
        "right_id": "119834-N"
    },
    {
        "left_id": "119840-N",
        "right_id": "118150-N"
    },
    {
        "left_id": "119853-N",
        "right_id": "125206-N"
    },
    {
        "left_id": "119893-N",
        "right_id": "125221-N"
    },
    {
        "left_id": "119894-N",
        "right_id": "125221-N"
    },
    {
        "left_id": "119899-N",
        "right_id": "119060-N"
    },
    {
        "left_id": "119918-N",
        "right_id": "118910-N"
    },
    {
        "left_id": "119926-N",
        "right_id": "119927-N"
    },
    {
        "left_id": "119927-N",
        "right_id": "119926-N"
    },
    {
        "left_id": "119941-N",
        "right_id": "135825-N"
    },
    {
        "left_id": "119963-N",
        "right_id": "118829-N"
    },
    {
        "left_id": "119972-N",
        "right_id": "119973-N"
    },
    {
        "left_id": "119973-N",
        "right_id": "119972-N"
    },
    {
        "left_id": "120069-N",
        "right_id": "119422-N"
    },
    {
        "left_id": "120142-N",
        "right_id": "118012-N"
    },
    {
        "left_id": "120158-N",
        "right_id": "135864-N"
    },
    {
        "left_id": "120184-N",
        "right_id": "106926-N"
    },
    {
        "left_id": "120222-N",
        "right_id": "114313-N"
    },
    {
        "left_id": "120230-N",
        "right_id": "119353-N"
    },
    {
        "left_id": "120340-N",
        "right_id": "139170-N"
    },
    {
        "left_id": "120354-N",
        "right_id": "106797-N"
    },
    {
        "left_id": "120365-N",
        "right_id": "119694-N"
    },
    {
        "left_id": "120408-N",
        "right_id": "137721-N"
    },
    {
        "left_id": "120447-N",
        "right_id": "123453-N"
    },
    {
        "left_id": "120472-N",
        "right_id": "123517-N"
    },
    {
        "left_id": "120592-N",
        "right_id": "118028-N"
    },
    {
        "left_id": "120625-N",
        "right_id": "120626-N"
    },
    {
        "left_id": "120626-N",
        "right_id": "120625-N"
    },
    {
        "left_id": "120652-N",
        "right_id": "138237-N"
    },
    {
        "left_id": "120664-N",
        "right_id": "135847-N"
    },
    {
        "left_id": "120759-N",
        "right_id": "118658-N"
    },
    {
        "left_id": "120825-N",
        "right_id": "106767-N"
    },
    {
        "left_id": "120865-N",
        "right_id": "137426-N"
    },
    {
        "left_id": "120999-N",
        "right_id": "144881-N"
    },
    {
        "left_id": "121011-N",
        "right_id": "141063-N"
    },
    {
        "left_id": "121185-N",
        "right_id": "119571-N"
    },
    {
        "left_id": "121337-N",
        "right_id": "119536-N"
    },
    {
        "left_id": "121362-N",
        "right_id": "118716-N"
    },
    {
        "left_id": "121511-N",
        "right_id": "119640-N"
    },
    {
        "left_id": "122207-N",
        "right_id": "113450-N"
    },
    {
        "left_id": "122207-N",
        "right_id": "3513-N"
    },
    {
        "left_id": "123392-N",
        "right_id": "123393-N"
    },
    {
        "left_id": "123393-N",
        "right_id": "123392-N"
    },
    {
        "left_id": "123428-N",
        "right_id": "137698-N"
    },
    {
        "left_id": "123453-N",
        "right_id": "120447-N"
    },
    {
        "left_id": "123454-N",
        "right_id": "138604-N"
    },
    {
        "left_id": "123455-N",
        "right_id": "119167-N"
    },
    {
        "left_id": "123456-N",
        "right_id": "119169-N"
    },
    {
        "left_id": "123517-N",
        "right_id": "120472-N"
    },
    {
        "left_id": "123525-N",
        "right_id": "119411-N"
    },
    {
        "left_id": "123552-N",
        "right_id": "113557-N"
    },
    {
        "left_id": "123742-N",
        "right_id": "129689-N"
    },
    {
        "left_id": "123856-N",
        "right_id": "125668-N"
    },
    {
        "left_id": "123904-N",
        "right_id": "118934-N"
    },
    {
        "left_id": "124240-N",
        "right_id": "119314-N"
    },
    {
        "left_id": "124629-N",
        "right_id": "128590-N"
    },
    {
        "left_id": "124633-N",
        "right_id": "152876-N"
    },
    {
        "left_id": "124862-N",
        "right_id": "111784-N"
    },
    {
        "left_id": "124862-N",
        "right_id": "124969-N"
    },
    {
        "left_id": "124893-N",
        "right_id": "118425-N"
    },
    {
        "left_id": "124969-N",
        "right_id": "124862-N"
    },
    {
        "left_id": "118837-N",
        "right_id": "126061-N"
    },
    {
        "left_id": "118844-N",
        "right_id": "118846-N"
    },
    {
        "left_id": "118846-N",
        "right_id": "118844-N"
    },
    {
        "left_id": "118869-N",
        "right_id": "118445-N"
    },
    {
        "left_id": "118871-N",
        "right_id": "118872-N"
    },
    {
        "left_id": "118872-N",
        "right_id": "118871-N"
    },
    {
        "left_id": "118872-N",
        "right_id": "118873-N"
    },
    {
        "left_id": "118873-N",
        "right_id": "118872-N"
    },
    {
        "left_id": "118886-N",
        "right_id": "151163-N"
    },
    {
        "left_id": "118910-N",
        "right_id": "119918-N"
    },
    {
        "left_id": "118930-N",
        "right_id": "139841-N"
    },
    {
        "left_id": "118934-N",
        "right_id": "123904-N"
    },
    {
        "left_id": "118936-N",
        "right_id": "138339-N"
    },
    {
        "left_id": "118937-N",
        "right_id": "132915-N"
    },
    {
        "left_id": "118938-N",
        "right_id": "136240-N"
    },
    {
        "left_id": "118945-N",
        "right_id": "118946-N"
    },
    {
        "left_id": "118946-N",
        "right_id": "118945-N"
    },
    {
        "left_id": "118956-N",
        "right_id": "119299-N"
    },
    {
        "left_id": "118957-N",
        "right_id": "117942-N"
    },
    {
        "left_id": "118958-N",
        "right_id": "112842-N"
    },
    {
        "left_id": "7603-N",
        "right_id": "143846-N"
    },
    {
        "left_id": "8170-N",
        "right_id": "125676-N"
    },
    {
        "left_id": "834-N",
        "right_id": "144948-N"
    },
    {
        "left_id": "9034-N",
        "right_id": "153223-N"
    },
    {
        "left_id": "4853-N",
        "right_id": "1001-N"
    },
    {
        "left_id": "5187-N",
        "right_id": "2114-N"
    },
    {
        "left_id": "5574-N",
        "right_id": "5786-N"
    },
    {
        "left_id": "5786-N",
        "right_id": "5574-N"
    },
    {
        "left_id": "6367-N",
        "right_id": "6368-N"
    },
    {
        "left_id": "6368-N",
        "right_id": "6367-N"
    },
    {
        "left_id": "928-N",
        "right_id": "138187-N"
    },
    {
        "left_id": "8170-V",
        "right_id": "125676-V"
    },
    {
        "left_id": "152710-V",
        "right_id": "114267-V"
    },
    {
        "left_id": "144881-V",
        "right_id": "106947-V"
    },
    {
        "left_id": "3513-V",
        "right_id": "122207-V"
    },
    {
        "left_id": "125180-V",
        "right_id": "114462-V"
    },
    {
        "left_id": "132129-V",
        "right_id": "118447-V"
    },
    {
        "left_id": "127601-V",
        "right_id": "131645-V"
    },
    {
        "left_id": "131932-V",
        "right_id": "118601-V"
    },
    {
        "left_id": "131645-V",
        "right_id": "127601-V"
    },
    {
        "left_id": "138187-V",
        "right_id": "128587-V"
    },
    {
        "left_id": "128587-V",
        "right_id": "138187-V"
    },
    {
        "left_id": "125676-V",
        "right_id": "8170-V"
    },
    {
        "left_id": "118601-V",
        "right_id": "131932-V"
    },
    {
        "left_id": "118447-V",
        "right_id": "132129-V"
    },
    {
        "left_id": "119167-V",
        "right_id": "107178-V"
    },
    {
        "left_id": "122207-V",
        "right_id": "3513-V"
    },
    {
        "left_id": "114462-V",
        "right_id": "125180-V"
    },
    {
        "left_id": "107178-V",
        "right_id": "119167-V"
    },
    {
        "left_id": "114267-V",
        "right_id": "152710-V"
    },
    {
        "left_id": "106947-V",
        "right_id": "144881-V"
    },
    {
        "left_id": "1001-A",
        "right_id": "4853-A"
    },
    {
        "left_id": "106480-A",
        "right_id": "153238-A"
    },
    {
        "left_id": "106587-A",
        "right_id": "131375-A"
    },
    {
        "left_id": "106763-A",
        "right_id": "106764-A"
    },
    {
        "left_id": "106764-A",
        "right_id": "106763-A"
    },
    {
        "left_id": "106765-A",
        "right_id": "138351-A"
    },
    {
        "left_id": "106767-A",
        "right_id": "120825-A"
    },
    {
        "left_id": "106797-A",
        "right_id": "120354-A"
    },
    {
        "left_id": "106848-A",
        "right_id": "137211-A"
    },
    {
        "left_id": "106925-A",
        "right_id": "106926-A"
    },
    {
        "left_id": "106926-A",
        "right_id": "106925-A"
    },
    {
        "left_id": "106926-A",
        "right_id": "120184-A"
    },
    {
        "left_id": "106944-A",
        "right_id": "115892-A"
    },
    {
        "left_id": "106946-A",
        "right_id": "115894-A"
    },
    {
        "left_id": "107178-A",
        "right_id": "119167-A"
    },
    {
        "left_id": "107334-A",
        "right_id": "142076-A"
    },
    {
        "left_id": "107336-A",
        "right_id": "154634-A"
    },
    {
        "left_id": "107586-A",
        "right_id": "135996-A"
    },
    {
        "left_id": "111133-A",
        "right_id": "111216-A"
    },
    {
        "left_id": "111216-A",
        "right_id": "111133-A"
    },
    {
        "left_id": "111784-A",
        "right_id": "124862-A"
    },
    {
        "left_id": "112688-A",
        "right_id": "119073-A"
    },
    {
        "left_id": "112789-A",
        "right_id": "115687-A"
    },
    {
        "left_id": "112842-A",
        "right_id": "118958-A"
    },
    {
        "left_id": "113447-A",
        "right_id": "130548-A"
    },
    {
        "left_id": "113477-A",
        "right_id": "119551-A"
    },
    {
        "left_id": "113827-A",
        "right_id": "136701-A"
    },
    {
        "left_id": "113828-A",
        "right_id": "119515-A"
    },
    {
        "left_id": "113829-A",
        "right_id": "151568-A"
    },
    {
        "left_id": "113857-A",
        "right_id": "119237-A"
    },
    {
        "left_id": "113995-A",
        "right_id": "121067-A"
    },
    {
        "left_id": "114000-A",
        "right_id": "115268-A"
    },
    {
        "left_id": "114203-A",
        "right_id": "114205-A"
    },
    {
        "left_id": "114205-A",
        "right_id": "114203-A"
    },
    {
        "left_id": "114205-A",
        "right_id": "119498-A"
    },
    {
        "left_id": "114267-A",
        "right_id": "152710-A"
    },
    {
        "left_id": "114313-A",
        "right_id": "120222-A"
    },
    {
        "left_id": "114314-A",
        "right_id": "115799-A"
    },
    {
        "left_id": "114350-A",
        "right_id": "114368-A"
    },
    {
        "left_id": "114368-A",
        "right_id": "114350-A"
    },
    {
        "left_id": "120472-A",
        "right_id": "123517-A"
    },
    {
        "left_id": "120447-A",
        "right_id": "123453-A"
    },
    {
        "left_id": "123904-A",
        "right_id": "118934-A"
    },
    {
        "left_id": "120408-A",
        "right_id": "137721-A"
    },
    {
        "left_id": "120365-A",
        "right_id": "119694-A"
    },
    {
        "left_id": "116901-A",
        "right_id": "135964-A"
    },
    {
        "left_id": "120354-A",
        "right_id": "106797-A"
    },
    {
        "left_id": "120340-A",
        "right_id": "139170-A"
    },
    {
        "left_id": "123856-A",
        "right_id": "125668-A"
    },
    {
        "left_id": "116938-A",
        "right_id": "116940-A"
    },
    {
        "left_id": "116940-A",
        "right_id": "116938-A"
    },
    {
        "left_id": "115629-A",
        "right_id": "114915-A"
    },
    {
        "left_id": "115633-A",
        "right_id": "115634-A"
    },
    {
        "left_id": "115634-A",
        "right_id": "115633-A"
    },
    {
        "left_id": "115637-A",
        "right_id": "119739-A"
    },
    {
        "left_id": "120230-A",
        "right_id": "119353-A"
    },
    {
        "left_id": "120222-A",
        "right_id": "114313-A"
    },
    {
        "left_id": "120184-A",
        "right_id": "106926-A"
    },
    {
        "left_id": "124633-A",
        "right_id": "152876-A"
    },
    {
        "left_id": "120158-A",
        "right_id": "135864-A"
    },
    {
        "left_id": "124629-A",
        "right_id": "128590-A"
    },
    {
        "left_id": "120142-A",
        "right_id": "118012-A"
    },
    {
        "left_id": "120134-A",
        "right_id": "133327-A"
    },
    {
        "left_id": "123742-A",
        "right_id": "129689-A"
    },
    {
        "left_id": "115687-A",
        "right_id": "112789-A"
    },
    {
        "left_id": "120069-A",
        "right_id": "119422-A"
    },
    {
        "left_id": "120051-A",
        "right_id": "120050-A"
    },
    {
        "left_id": "120050-A",
        "right_id": "120051-A"
    },
    {
        "left_id": "120022-A",
        "right_id": "120021-A"
    },
    {
        "left_id": "120021-A",
        "right_id": "120022-A"
    },
    {
        "left_id": "119973-A",
        "right_id": "119972-A"
    },
    {
        "left_id": "119972-A",
        "right_id": "119973-A"
    },
    {
        "left_id": "119963-A",
        "right_id": "118829-A"
    },
    {
        "left_id": "119957-A",
        "right_id": "119956-A"
    },
    {
        "left_id": "119956-A",
        "right_id": "119957-A"
    },
    {
        "left_id": "119941-A",
        "right_id": "135825-A"
    },
    {
        "left_id": "119927-A",
        "right_id": "119926-A"
    },
    {
        "left_id": "119926-A",
        "right_id": "119927-A"
    },
    {
        "left_id": "119918-A",
        "right_id": "118910-A"
    },
    {
        "left_id": "119899-A",
        "right_id": "119060-A"
    },
    {
        "left_id": "115761-A",
        "right_id": "139227-A"
    },
    {
        "left_id": "119894-A",
        "right_id": "125221-A"
    },
    {
        "left_id": "119893-A",
        "right_id": "125221-A"
    },
    {
        "left_id": "119888-A",
        "right_id": "138911-A"
    },
    {
        "left_id": "117311-A",
        "right_id": "4220-A"
    },
    {
        "left_id": "119853-A",
        "right_id": "125206-A"
    },
    {
        "left_id": "119840-A",
        "right_id": "118150-A"
    },
    {
        "left_id": "123525-A",
        "right_id": "119411-A"
    },
    {
        "left_id": "119835-A",
        "right_id": "119834-A"
    },
    {
        "left_id": "119834-A",
        "right_id": "119835-A"
    },
    {
        "left_id": "119833-A",
        "right_id": "119555-A"
    },
    {
        "left_id": "115799-A",
        "right_id": "114314-A"
    },
    {
        "left_id": "123517-A",
        "right_id": "120472-A"
    },
    {
        "left_id": "119809-A",
        "right_id": "119808-A"
    },
    {
        "left_id": "119808-A",
        "right_id": "119809-A"
    },
    {
        "left_id": "119776-A",
        "right_id": "119775-A"
    },
    {
        "left_id": "119775-A",
        "right_id": "119776-A"
    },
    {
        "left_id": "119768-A",
        "right_id": "118739-A"
    },
    {
        "left_id": "119746-A",
        "right_id": "132943-A"
    },
    {
        "left_id": "119739-A",
        "right_id": "115637-A"
    },
    {
        "left_id": "123456-A",
        "right_id": "119169-A"
    },
    {
        "left_id": "123455-A",
        "right_id": "119167-A"
    },
    {
        "left_id": "123454-A",
        "right_id": "138604-A"
    },
    {
        "left_id": "123453-A",
        "right_id": "120447-A"
    },
    {
        "left_id": "119694-A",
        "right_id": "120365-A"
    },
    {
        "left_id": "123428-A",
        "right_id": "137698-A"
    },
    {
        "left_id": "123393-A",
        "right_id": "123392-A"
    },
    {
        "left_id": "123392-A",
        "right_id": "123393-A"
    },
    {
        "left_id": "119648-A",
        "right_id": "118454-A"
    },
    {
        "left_id": "119646-A",
        "right_id": "119645-A"
    },
    {
        "left_id": "119645-A",
        "right_id": "119646-A"
    },
    {
        "left_id": "115892-A",
        "right_id": "106944-A"
    },
    {
        "left_id": "119640-A",
        "right_id": "121511-A"
    },
    {
        "left_id": "115894-A",
        "right_id": "106946-A"
    },
    {
        "left_id": "119629-A",
        "right_id": "118771-A"
    },
    {
        "left_id": "119627-A",
        "right_id": "115916-A"
    },
    {
        "left_id": "119619-A",
        "right_id": "118056-A"
    },
    {
        "left_id": "119609-A",
        "right_id": "118822-A"
    },
    {
        "left_id": "119605-A",
        "right_id": "119604-A"
    },
    {
        "left_id": "115916-A",
        "right_id": "119627-A"
    },
    {
        "left_id": "119604-A",
        "right_id": "119605-A"
    },
    {
        "left_id": "119600-A",
        "right_id": "137759-A"
    },
    {
        "left_id": "119599-A",
        "right_id": "118608-A"
    },
    {
        "left_id": "119590-A",
        "right_id": "119009-A"
    },
    {
        "left_id": "119588-A",
        "right_id": "118598-A"
    },
    {
        "left_id": "119578-A",
        "right_id": "149896-A"
    },
    {
        "left_id": "119571-A",
        "right_id": "121185-A"
    },
    {
        "left_id": "119569-A",
        "right_id": "119568-A"
    },
    {
        "left_id": "119568-A",
        "right_id": "119569-A"
    },
    {
        "left_id": "122207-A",
        "right_id": "3513-A"
    },
    {
        "left_id": "115949-A",
        "right_id": "115950-A"
    },
    {
        "left_id": "115949-A",
        "right_id": "129392-A"
    },
    {
        "left_id": "115950-A",
        "right_id": "115949-A"
    },
    {
        "left_id": "117805-A",
        "right_id": "152954-A"
    },
    {
        "left_id": "117806-A",
        "right_id": "119174-A"
    },
    {
        "left_id": "119555-A",
        "right_id": "119150-A"
    },
    {
        "left_id": "119555-A",
        "right_id": "119833-A"
    },
    {
        "left_id": "119552-A",
        "right_id": "119550-A"
    },
    {
        "left_id": "119551-A",
        "right_id": "113477-A"
    },
    {
        "left_id": "119550-A",
        "right_id": "119552-A"
    },
    {
        "left_id": "124893-A",
        "right_id": "118425-A"
    },
    {
        "left_id": "119536-A",
        "right_id": "121337-A"
    },
    {
        "left_id": "119515-A",
        "right_id": "113828-A"
    },
    {
        "left_id": "119498-A",
        "right_id": "114205-A"
    },
    {
        "left_id": "119474-A",
        "right_id": "119472-A"
    },
    {
        "left_id": "117874-A",
        "right_id": "119206-A"
    },
    {
        "left_id": "119472-A",
        "right_id": "119474-A"
    },
    {
        "left_id": "117891-A",
        "right_id": "137741-A"
    },
    {
        "left_id": "117905-A",
        "right_id": "152549-A"
    },
    {
        "left_id": "119448-A",
        "right_id": "139172-A"
    },
    {
        "left_id": "117940-A",
        "right_id": "128653-A"
    },
    {
        "left_id": "117942-A",
        "right_id": "118957-A"
    },
    {
        "left_id": "117958-A",
        "right_id": "137594-A"
    },
    {
        "left_id": "117959-A",
        "right_id": "118686-A"
    },
    {
        "left_id": "117960-A",
        "right_id": "136269-A"
    },
    {
        "left_id": "119426-A",
        "right_id": "119001-A"
    },
    {
        "left_id": "119423-A",
        "right_id": "118371-A"
    },
    {
        "left_id": "119422-A",
        "right_id": "120069-A"
    },
    {
        "left_id": "119416-A",
        "right_id": "139619-A"
    },
    {
        "left_id": "119413-A",
        "right_id": "130872-A"
    },
    {
        "left_id": "119411-A",
        "right_id": "123525-A"
    },
    {
        "left_id": "118012-A",
        "right_id": "120142-A"
    },
    {
        "left_id": "118022-A",
        "right_id": "136006-A"
    },
    {
        "left_id": "118023-A",
        "right_id": "127126-A"
    },
    {
        "left_id": "118028-A",
        "right_id": "120592-A"
    },
    {
        "left_id": "119369-A",
        "right_id": "118057-A"
    },
    {
        "left_id": "118056-A",
        "right_id": "119619-A"
    },
    {
        "left_id": "118057-A",
        "right_id": "119369-A"
    },
    {
        "left_id": "119353-A",
        "right_id": "120230-A"
    },
    {
        "left_id": "119343-A",
        "right_id": "119249-A"
    },
    {
        "left_id": "118135-A",
        "right_id": "118352-A"
    },
    {
        "left_id": "118141-A",
        "right_id": "118165-A"
    },
    {
        "left_id": "118150-A",
        "right_id": "119840-A"
    },
    {
        "left_id": "119315-A",
        "right_id": "119314-A"
    },
    {
        "left_id": "119314-A",
        "right_id": "119315-A"
    },
    {
        "left_id": "119314-A",
        "right_id": "124240-A"
    },
    {
        "left_id": "118164-A",
        "right_id": "119061-A"
    },
    {
        "left_id": "118165-A",
        "right_id": "118141-A"
    },
    {
        "left_id": "118179-A",
        "right_id": "126134-A"
    },
    {
        "left_id": "118180-A",
        "right_id": "151843-A"
    },
    {
        "left_id": "119307-A",
        "right_id": "132939-A"
    },
    {
        "left_id": "118186-A",
        "right_id": "118752-A"
    },
    {
        "left_id": "119299-A",
        "right_id": "118956-A"
    },
    {
        "left_id": "118231-A",
        "right_id": "118355-A"
    },
    {
        "left_id": "119285-A",
        "right_id": "137937-A"
    },
    {
        "left_id": "119284-A",
        "right_id": "119283-A"
    },
    {
        "left_id": "119283-A",
        "right_id": "119284-A"
    },
    {
        "left_id": "118245-A",
        "right_id": "119223-A"
    },
    {
        "left_id": "121534-A",
        "right_id": "121531-A"
    },
    {
        "left_id": "119257-A",
        "right_id": "135310-A"
    },
    {
        "left_id": "121531-A",
        "right_id": "121534-A"
    },
    {
        "left_id": "119251-A",
        "right_id": "132946-A"
    },
    {
        "left_id": "119249-A",
        "right_id": "119343-A"
    },
    {
        "left_id": "119237-A",
        "right_id": "113857-A"
    },
    {
        "left_id": "118299-A",
        "right_id": "119117-A"
    },
    {
        "left_id": "119236-A",
        "right_id": "127146-A"
    },
    {
        "left_id": "119223-A",
        "right_id": "118245-A"
    },
    {
        "left_id": "119223-A",
        "right_id": "140905-A"
    },
    {
        "left_id": "119217-A",
        "right_id": "125205-A"
    },
    {
        "left_id": "121511-A",
        "right_id": "119640-A"
    },
    {
        "left_id": "119210-A",
        "right_id": "119209-A"
    },
    {
        "left_id": "119209-A",
        "right_id": "119210-A"
    },
    {
        "left_id": "119208-A",
        "right_id": "118425-A"
    },
    {
        "left_id": "119206-A",
        "right_id": "117874-A"
    },
    {
        "left_id": "118352-A",
        "right_id": "118135-A"
    },
    {
        "left_id": "124969-A",
        "right_id": "124862-A"
    },
    {
        "left_id": "118355-A",
        "right_id": "118231-A"
    },
    {
        "left_id": "115268-A",
        "right_id": "114000-A"
    },
    {
        "left_id": "118371-A",
        "right_id": "119423-A"
    },
    {
        "left_id": "119174-A",
        "right_id": "117806-A"
    },
    {
        "left_id": "119169-A",
        "right_id": "123456-A"
    },
    {
        "left_id": "114389-A",
        "right_id": "137231-A"
    },
    {
        "left_id": "119167-A",
        "right_id": "107178-A"
    },
    {
        "left_id": "119167-A",
        "right_id": "123455-A"
    },
    {
        "left_id": "119162-A",
        "right_id": "137448-A"
    },
    {
        "left_id": "119156-A",
        "right_id": "119155-A"
    },
    {
        "left_id": "119155-A",
        "right_id": "119156-A"
    },
    {
        "left_id": "119150-A",
        "right_id": "118607-A"
    },
    {
        "left_id": "119150-A",
        "right_id": "119555-A"
    },
    {
        "left_id": "119144-A",
        "right_id": "118466-A"
    },
    {
        "left_id": "118425-A",
        "right_id": "119208-A"
    },
    {
        "left_id": "118425-A",
        "right_id": "124893-A"
    },
    {
        "left_id": "119129-A",
        "right_id": "128592-A"
    },
    {
        "left_id": "119117-A",
        "right_id": "118299-A"
    },
    {
        "left_id": "118445-A",
        "right_id": "118869-A"
    },
    {
        "left_id": "124862-A",
        "right_id": "111784-A"
    },
    {
        "left_id": "124862-A",
        "right_id": "124969-A"
    },
    {
        "left_id": "118447-A",
        "right_id": "132129-A"
    },
    {
        "left_id": "118453-A",
        "right_id": "125708-A"
    },
    {
        "left_id": "118454-A",
        "right_id": "119648-A"
    },
    {
        "left_id": "118466-A",
        "right_id": "119144-A"
    },
    {
        "left_id": "119094-A",
        "right_id": "151393-A"
    },
    {
        "left_id": "119073-A",
        "right_id": "112688-A"
    },
    {
        "left_id": "119072-A",
        "right_id": "125284-A"
    },
    {
        "left_id": "121362-A",
        "right_id": "118716-A"
    },
    {
        "left_id": "119061-A",
        "right_id": "118164-A"
    },
    {
        "left_id": "118520-A",
        "right_id": "119024-A"
    },
    {
        "left_id": "119060-A",
        "right_id": "119899-A"
    },
    {
        "left_id": "121337-A",
        "right_id": "119536-A"
    },
    {
        "left_id": "119048-A",
        "right_id": "119047-A"
    },
    {
        "left_id": "119047-A",
        "right_id": "119048-A"
    },
    {
        "left_id": "118557-A",
        "right_id": "135782-A"
    },
    {
        "left_id": "119040-A",
        "right_id": "119039-A"
    },
    {
        "left_id": "118563-A",
        "right_id": "137368-A"
    },
    {
        "left_id": "119039-A",
        "right_id": "119040-A"
    },
    {
        "left_id": "119024-A",
        "right_id": "118520-A"
    },
    {
        "left_id": "119010-A",
        "right_id": "145471-A"
    },
    {
        "left_id": "119009-A",
        "right_id": "119590-A"
    },
    {
        "left_id": "124240-A",
        "right_id": "119314-A"
    },
    {
        "left_id": "119007-A",
        "right_id": "128660-A"
    },
    {
        "left_id": "119005-A",
        "right_id": "138069-A"
    },
    {
        "left_id": "118598-A",
        "right_id": "119588-A"
    },
    {
        "left_id": "119002-A",
        "right_id": "138204-A"
    },
    {
        "left_id": "118607-A",
        "right_id": "119150-A"
    },
    {
        "left_id": "118608-A",
        "right_id": "119599-A"
    },
    {
        "left_id": "119001-A",
        "right_id": "119426-A"
    },
    {
        "left_id": "119001-A",
        "right_id": "138204-A"
    },
    {
        "left_id": "118658-A",
        "right_id": "120759-A"
    },
    {
        "left_id": "118964-A",
        "right_id": "140166-A"
    },
    {
        "left_id": "118958-A",
        "right_id": "112842-A"
    },
    {
        "left_id": "118957-A",
        "right_id": "117942-A"
    },
    {
        "left_id": "118956-A",
        "right_id": "119299-A"
    },
    {
        "left_id": "118686-A",
        "right_id": "117959-A"
    },
    {
        "left_id": "114651-A",
        "right_id": "116683-A"
    },
    {
        "left_id": "118946-A",
        "right_id": "118945-A"
    },
    {
        "left_id": "118696-A",
        "right_id": "127189-A"
    },
    {
        "left_id": "118945-A",
        "right_id": "118946-A"
    },
    {
        "left_id": "118705-A",
        "right_id": "137123-A"
    },
    {
        "left_id": "118938-A",
        "right_id": "136240-A"
    },
    {
        "left_id": "118937-A",
        "right_id": "132915-A"
    },
    {
        "left_id": "118936-A",
        "right_id": "138339-A"
    },
    {
        "left_id": "118934-A",
        "right_id": "123904-A"
    },
    {
        "left_id": "118716-A",
        "right_id": "121362-A"
    },
    {
        "left_id": "118930-A",
        "right_id": "139841-A"
    },
    {
        "left_id": "121185-A",
        "right_id": "119571-A"
    },
    {
        "left_id": "118910-A",
        "right_id": "119918-A"
    },
    {
        "left_id": "118739-A",
        "right_id": "119768-A"
    },
    {
        "left_id": "118739-A",
        "right_id": "141508-A"
    },
    {
        "left_id": "118752-A",
        "right_id": "118186-A"
    },
    {
        "left_id": "118886-A",
        "right_id": "151163-A"
    },
    {
        "left_id": "118771-A",
        "right_id": "119629-A"
    },
    {
        "left_id": "118873-A",
        "right_id": "118872-A"
    },
    {
        "left_id": "118872-A",
        "right_id": "118871-A"
    },
    {
        "left_id": "118872-A",
        "right_id": "118873-A"
    },
    {
        "left_id": "118871-A",
        "right_id": "118872-A"
    },
    {
        "left_id": "118869-A",
        "right_id": "118445-A"
    },
    {
        "left_id": "118846-A",
        "right_id": "118844-A"
    },
    {
        "left_id": "118844-A",
        "right_id": "118846-A"
    },
    {
        "left_id": "118817-A",
        "right_id": "154263-A"
    },
    {
        "left_id": "118837-A",
        "right_id": "126061-A"
    },
    {
        "left_id": "118822-A",
        "right_id": "119609-A"
    },
    {
        "left_id": "114462-A",
        "right_id": "125180-A"
    },
    {
        "left_id": "118829-A",
        "right_id": "119963-A"
    },
    {
        "left_id": "121128-A",
        "right_id": "154206-A"
    },
    {
        "left_id": "114915-A",
        "right_id": "115629-A"
    },
    {
        "left_id": "121067-A",
        "right_id": "113995-A"
    },
    {
        "left_id": "121011-A",
        "right_id": "141063-A"
    },
    {
        "left_id": "120999-A",
        "right_id": "144881-A"
    },
    {
        "left_id": "115476-A",
        "right_id": "115480-A"
    },
    {
        "left_id": "115480-A",
        "right_id": "115476-A"
    },
    {
        "left_id": "120865-A",
        "right_id": "137426-A"
    },
    {
        "left_id": "120825-A",
        "right_id": "106767-A"
    },
    {
        "left_id": "116683-A",
        "right_id": "114651-A"
    },
    {
        "left_id": "120759-A",
        "right_id": "118658-A"
    },
    {
        "left_id": "120664-A",
        "right_id": "135847-A"
    },
    {
        "left_id": "120626-A",
        "right_id": "120625-A"
    },
    {
        "left_id": "120625-A",
        "right_id": "120626-A"
    },
    {
        "left_id": "120592-A",
        "right_id": "118028-A"
    },
    {
        "left_id": "141063-A",
        "right_id": "121011-A"
    },
    {
        "left_id": "3709-A",
        "right_id": "136957-A"
    },
    {
        "left_id": "145873-A",
        "right_id": "140753-A"
    },
    {
        "left_id": "141508-A",
        "right_id": "118739-A"
    },
    {
        "left_id": "164-A",
        "right_id": "125243-A"
    },
    {
        "left_id": "141570-A",
        "right_id": "126307-A"
    },
    {
        "left_id": "4220-A",
        "right_id": "117311-A"
    },
    {
        "left_id": "2114-A",
        "right_id": "5187-A"
    },
    {
        "left_id": "149896-A",
        "right_id": "119578-A"
    },
    {
        "left_id": "154634-A",
        "right_id": "107336-A"
    },
    {
        "left_id": "142076-A",
        "right_id": "107334-A"
    },
    {
        "left_id": "154263-A",
        "right_id": "118817-A"
    },
    {
        "left_id": "154206-A",
        "right_id": "121128-A"
    },
    {
        "left_id": "2672-A",
        "right_id": "137879-A"
    },
    {
        "left_id": "144881-A",
        "right_id": "120999-A"
    },
    {
        "left_id": "153637-A",
        "right_id": "1847-A"
    },
    {
        "left_id": "150750-A",
        "right_id": "150753-A"
    },
    {
        "left_id": "150753-A",
        "right_id": "150750-A"
    },
    {
        "left_id": "153619-A",
        "right_id": "137371-A"
    },
    {
        "left_id": "1879-A",
        "right_id": "139645-A"
    },
    {
        "left_id": "3513-A",
        "right_id": "122207-A"
    },
    {
        "left_id": "1847-A",
        "right_id": "153637-A"
    },
    {
        "left_id": "151163-A",
        "right_id": "118886-A"
    },
    {
        "left_id": "153238-A",
        "right_id": "106480-A"
    },
    {
        "left_id": "142180-A",
        "right_id": "138116-A"
    },
    {
        "left_id": "140905-A",
        "right_id": "119223-A"
    },
    {
        "left_id": "152954-A",
        "right_id": "117805-A"
    },
    {
        "left_id": "151393-A",
        "right_id": "119094-A"
    },
    {
        "left_id": "143846-A",
        "right_id": "7603-A"
    },
    {
        "left_id": "145146-A",
        "right_id": "152671-A"
    },
    {
        "left_id": "152876-A",
        "right_id": "124633-A"
    },
    {
        "left_id": "151568-A",
        "right_id": "113829-A"
    },
    {
        "left_id": "151653-A",
        "right_id": "129401-A"
    },
    {
        "left_id": "152710-A",
        "right_id": "114267-A"
    },
    {
        "left_id": "152671-A",
        "right_id": "145146-A"
    },
    {
        "left_id": "151843-A",
        "right_id": "118180-A"
    },
    {
        "left_id": "145471-A",
        "right_id": "119010-A"
    },
    {
        "left_id": "152549-A",
        "right_id": "117905-A"
    },
    {
        "left_id": "7603-A",
        "right_id": "143846-A"
    },
    {
        "left_id": "928-A",
        "right_id": "138187-A"
    },
    {
        "left_id": "5574-A",
        "right_id": "5786-A"
    },
    {
        "left_id": "5786-A",
        "right_id": "5574-A"
    },
    {
        "left_id": "5187-A",
        "right_id": "2114-A"
    },
    {
        "left_id": "4853-A",
        "right_id": "1001-A"
    },
    {
        "left_id": "125708-A",
        "right_id": "118453-A"
    },
    {
        "left_id": "127126-A",
        "right_id": "118023-A"
    },
    {
        "left_id": "127137-A",
        "right_id": "125615-A"
    },
    {
        "left_id": "127146-A",
        "right_id": "119236-A"
    },
    {
        "left_id": "127189-A",
        "right_id": "118696-A"
    },
    {
        "left_id": "129392-A",
        "right_id": "115949-A"
    },
    {
        "left_id": "138608-A",
        "right_id": "126092-A"
    },
    {
        "left_id": "138604-A",
        "right_id": "123454-A"
    },
    {
        "left_id": "129401-A",
        "right_id": "151653-A"
    },
    {
        "left_id": "136269-A",
        "right_id": "117960-A"
    },
    {
        "left_id": "136267-A",
        "right_id": "125218-A"
    },
    {
        "left_id": "136240-A",
        "right_id": "118938-A"
    },
    {
        "left_id": "126307-A",
        "right_id": "141570-A"
    },
    {
        "left_id": "125205-A",
        "right_id": "119217-A"
    },
    {
        "left_id": "138351-A",
        "right_id": "106765-A"
    },
    {
        "left_id": "125206-A",
        "right_id": "119853-A"
    },
    {
        "left_id": "138339-A",
        "right_id": "118936-A"
    },
    {
        "left_id": "138204-A",
        "right_id": "119001-A"
    },
    {
        "left_id": "138204-A",
        "right_id": "119002-A"
    },
    {
        "left_id": "129689-A",
        "right_id": "123742-A"
    },
    {
        "left_id": "140166-A",
        "right_id": "118964-A"
    },
    {
        "left_id": "138187-A",
        "right_id": "928-A"
    },
    {
        "left_id": "136006-A",
        "right_id": "118022-A"
    },
    {
        "left_id": "135996-A",
        "right_id": "107586-A"
    },
    {
        "left_id": "138116-A",
        "right_id": "142180-A"
    },
    {
        "left_id": "135964-A",
        "right_id": "116901-A"
    },
    {
        "left_id": "138069-A",
        "right_id": "119005-A"
    },
    {
        "left_id": "135864-A",
        "right_id": "120158-A"
    },
    {
        "left_id": "135847-A",
        "right_id": "120664-A"
    },
    {
        "left_id": "135825-A",
        "right_id": "119941-A"
    },
    {
        "left_id": "135810-A",
        "right_id": "132156-A"
    },
    {
        "left_id": "135782-A",
        "right_id": "118557-A"
    },
    {
        "left_id": "137937-A",
        "right_id": "119285-A"
    },
    {
        "left_id": "125218-A",
        "right_id": "136267-A"
    },
    {
        "left_id": "139227-A",
        "right_id": "115761-A"
    },
    {
        "left_id": "139841-A",
        "right_id": "118930-A"
    },
    {
        "left_id": "135601-A",
        "right_id": "132935-A"
    },
    {
        "left_id": "137879-A",
        "right_id": "2672-A"
    },
    {
        "left_id": "125221-A",
        "right_id": "119893-A"
    },
    {
        "left_id": "125221-A",
        "right_id": "119894-A"
    },
    {
        "left_id": "130548-A",
        "right_id": "113447-A"
    },
    {
        "left_id": "140700-A",
        "right_id": "126500-A"
    },
    {
        "left_id": "126500-A",
        "right_id": "140700-A"
    },
    {
        "left_id": "135310-A",
        "right_id": "119257-A"
    },
    {
        "left_id": "130763-A",
        "right_id": "130766-A"
    },
    {
        "left_id": "130766-A",
        "right_id": "130763-A"
    },
    {
        "left_id": "139172-A",
        "right_id": "119448-A"
    },
    {
        "left_id": "139170-A",
        "right_id": "120340-A"
    },
    {
        "left_id": "130872-A",
        "right_id": "119413-A"
    },
    {
        "left_id": "130893-A",
        "right_id": "130894-A"
    },
    {
        "left_id": "130894-A",
        "right_id": "130893-A"
    },
    {
        "left_id": "126590-A",
        "right_id": "128666-A"
    },
    {
        "left_id": "137759-A",
        "right_id": "119600-A"
    },
    {
        "left_id": "137741-A",
        "right_id": "117891-A"
    },
    {
        "left_id": "137721-A",
        "right_id": "120408-A"
    },
    {
        "left_id": "137698-A",
        "right_id": "123428-A"
    },
    {
        "left_id": "137594-A",
        "right_id": "117958-A"
    },
    {
        "left_id": "131375-A",
        "right_id": "106587-A"
    },
    {
        "left_id": "134407-A",
        "right_id": "134406-A"
    },
    {
        "left_id": "134406-A",
        "right_id": "134407-A"
    },
    {
        "left_id": "137448-A",
        "right_id": "119162-A"
    },
    {
        "left_id": "125243-A",
        "right_id": "164-A"
    },
    {
        "left_id": "125615-A",
        "right_id": "127137-A"
    },
    {
        "left_id": "137426-A",
        "right_id": "120865-A"
    },
    {
        "left_id": "128590-A",
        "right_id": "124629-A"
    },
    {
        "left_id": "128592-A",
        "right_id": "119129-A"
    },
    {
        "left_id": "137371-A",
        "right_id": "153619-A"
    },
    {
        "left_id": "137368-A",
        "right_id": "118563-A"
    },
    {
        "left_id": "128653-A",
        "right_id": "117940-A"
    },
    {
        "left_id": "137231-A",
        "right_id": "114389-A"
    },
    {
        "left_id": "128660-A",
        "right_id": "119007-A"
    },
    {
        "left_id": "128666-A",
        "right_id": "126590-A"
    },
    {
        "left_id": "137211-A",
        "right_id": "106848-A"
    },
    {
        "left_id": "132107-A",
        "right_id": "127016-A"
    },
    {
        "left_id": "126061-A",
        "right_id": "118837-A"
    },
    {
        "left_id": "132129-A",
        "right_id": "118447-A"
    },
    {
        "left_id": "139645-A",
        "right_id": "1879-A"
    },
    {
        "left_id": "132156-A",
        "right_id": "135810-A"
    },
    {
        "left_id": "139619-A",
        "right_id": "119416-A"
    },
    {
        "left_id": "126092-A",
        "right_id": "138608-A"
    },
    {
        "left_id": "137181-A",
        "right_id": "125283-A"
    },
    {
        "left_id": "132238-A",
        "right_id": "132239-A"
    },
    {
        "left_id": "132239-A",
        "right_id": "132238-A"
    },
    {
        "left_id": "137123-A",
        "right_id": "118705-A"
    },
    {
        "left_id": "125180-A",
        "right_id": "114462-A"
    },
    {
        "left_id": "125428-A",
        "right_id": "132914-A"
    },
    {
        "left_id": "125668-A",
        "right_id": "123856-A"
    },
    {
        "left_id": "126134-A",
        "right_id": "118179-A"
    },
    {
        "left_id": "132618-A",
        "right_id": "132619-A"
    },
    {
        "left_id": "132619-A",
        "right_id": "132618-A"
    },
    {
        "left_id": "132688-A",
        "right_id": "132689-A"
    },
    {
        "left_id": "132689-A",
        "right_id": "132688-A"
    },
    {
        "left_id": "136957-A",
        "right_id": "3709-A"
    },
    {
        "left_id": "127016-A",
        "right_id": "132107-A"
    },
    {
        "left_id": "132914-A",
        "right_id": "125428-A"
    },
    {
        "left_id": "132915-A",
        "right_id": "118937-A"
    },
    {
        "left_id": "132935-A",
        "right_id": "135601-A"
    },
    {
        "left_id": "132939-A",
        "right_id": "119307-A"
    },
    {
        "left_id": "132943-A",
        "right_id": "119746-A"
    },
    {
        "left_id": "132946-A",
        "right_id": "119251-A"
    },
    {
        "left_id": "125283-A",
        "right_id": "137181-A"
    },
    {
        "left_id": "136701-A",
        "right_id": "113827-A"
    },
    {
        "left_id": "125284-A",
        "right_id": "119072-A"
    },
    {
        "left_id": "133327-A",
        "right_id": "120134-A"
    },
    {
        "left_id": "138911-A",
        "right_id": "119888-A"
    },
    {
        "left_id": "140753-A",
        "right_id": "145873-A"
    }
]