[
    {
        "cause_id": "5697-V",
        "effect_id": "2485-V"
    },
    {
        "cause_id": "9278-V",
        "effect_id": "155110-V"
    },
    {
        "cause_id": "4611-V",
        "effect_id": "117537-V"
    },
    {
        "cause_id": "489-V",
        "effect_id": "488-V"
    },
    {
        "cause_id": "143773-V",
        "effect_id": "112550-V"
    },
    {
        "cause_id": "152544-V",
        "effect_id": "135097-V"
    },
    {
        "cause_id": "143760-V",
        "effect_id": "153408-V"
    },
    {
        "cause_id": "151864-V",
        "effect_id": "116269-V"
    },
    {
        "cause_id": "143729-V",
        "effect_id": "127406-V"
    },
    {
        "cause_id": "140914-V",
        "effect_id": "106497-V"
    },
    {
        "cause_id": "145783-V",
        "effect_id": "125184-V"
    },
    {
        "cause_id": "149400-V",
        "effect_id": "121030-V"
    },
    {
        "cause_id": "145735-V",
        "effect_id": "132999-V"
    },
    {
        "cause_id": "149224-V",
        "effect_id": "135583-V"
    },
    {
        "cause_id": "145460-V",
        "effect_id": "128780-V"
    },
    {
        "cause_id": "145460-V",
        "effect_id": "128782-V"
    },
    {
        "cause_id": "145429-V",
        "effect_id": "118135-V"
    },
    {
        "cause_id": "153186-V",
        "effect_id": "2788-V"
    },
    {
        "cause_id": "141735-V",
        "effect_id": "121058-V"
    },
    {
        "cause_id": "141717-V",
        "effect_id": "138483-V"
    },
    {
        "cause_id": "151158-V",
        "effect_id": "5697-V"
    },
    {
        "cause_id": "148983-V",
        "effect_id": "149403-V"
    },
    {
        "cause_id": "142386-V",
        "effect_id": "144369-V"
    },
    {
        "cause_id": "148929-V",
        "effect_id": "1263-V"
    },
    {
        "cause_id": "142377-V",
        "effect_id": "106497-V"
    },
    {
        "cause_id": "143192-V",
        "effect_id": "117911-V"
    },
    {
        "cause_id": "153594-V",
        "effect_id": "119504-V"
    },
    {
        "cause_id": "144780-V",
        "effect_id": "128663-V"
    },
    {
        "cause_id": "147492-V",
        "effect_id": "141341-V"
    },
    {
        "cause_id": "147315-V",
        "effect_id": "118250-V"
    },
    {
        "cause_id": "154042-V",
        "effect_id": "112280-V"
    },
    {
        "cause_id": "142963-V",
        "effect_id": "124721-V"
    },
    {
        "cause_id": "141649-V",
        "effect_id": "115487-V"
    },
    {
        "cause_id": "150134-V",
        "effect_id": "134796-V"
    },
    {
        "cause_id": "147029-V",
        "effect_id": "7235-V"
    },
    {
        "cause_id": "146965-V",
        "effect_id": "106494-V"
    },
    {
        "cause_id": "141638-V",
        "effect_id": "118447-V"
    },
    {
        "cause_id": "150074-V",
        "effect_id": "113766-V"
    },
    {
        "cause_id": "141143-V",
        "effect_id": "4844-V"
    },
    {
        "cause_id": "154340-V",
        "effect_id": "143211-V"
    },
    {
        "cause_id": "142931-V",
        "effect_id": "142930-V"
    },
    {
        "cause_id": "154351-V",
        "effect_id": "153865-V"
    },
    {
        "cause_id": "142149-V",
        "effect_id": "106915-V"
    },
    {
        "cause_id": "146732-V",
        "effect_id": "120726-V"
    },
    {
        "cause_id": "149993-V",
        "effect_id": "1851-V"
    },
    {
        "cause_id": "146688-V",
        "effect_id": "126072-V"
    },
    {
        "cause_id": "149951-V",
        "effect_id": "117709-V"
    },
    {
        "cause_id": "149951-V",
        "effect_id": "7786-V"
    },
    {
        "cause_id": "149951-V",
        "effect_id": "7787-V"
    },
    {
        "cause_id": "146683-V",
        "effect_id": "146681-V"
    },
    {
        "cause_id": "149941-V",
        "effect_id": "140415-V"
    },
    {
        "cause_id": "142130-V",
        "effect_id": "115804-V"
    },
    {
        "cause_id": "149916-V",
        "effect_id": "117493-V"
    },
    {
        "cause_id": "146668-V",
        "effect_id": "114723-V"
    },
    {
        "cause_id": "149903-V",
        "effect_id": "110416-V"
    },
    {
        "cause_id": "149898-V",
        "effect_id": "149014-V"
    },
    {
        "cause_id": "146654-V",
        "effect_id": "128807-V"
    },
    {
        "cause_id": "149893-V",
        "effect_id": "119732-V"
    },
    {
        "cause_id": "142111-V",
        "effect_id": "840-V"
    },
    {
        "cause_id": "148396-V",
        "effect_id": "115698-V"
    },
    {
        "cause_id": "146625-V",
        "effect_id": "144004-V"
    },
    {
        "cause_id": "155013-V",
        "effect_id": "144032-V"
    },
    {
        "cause_id": "141457-V",
        "effect_id": "117918-V"
    },
    {
        "cause_id": "142050-V",
        "effect_id": "153098-V"
    },
    {
        "cause_id": "142047-V",
        "effect_id": "135808-V"
    },
    {
        "cause_id": "143878-V",
        "effect_id": "145869-V"
    },
    {
        "cause_id": "143859-V",
        "effect_id": "125651-V"
    },
    {
        "cause_id": "141440-V",
        "effect_id": "140625-V"
    },
    {
        "cause_id": "133086-V",
        "effect_id": "135695-V"
    },
    {
        "cause_id": "129793-V",
        "effect_id": "127327-V"
    },
    {
        "cause_id": "133324-V",
        "effect_id": "120257-V"
    },
    {
        "cause_id": "133044-V",
        "effect_id": "133078-V"
    },
    {
        "cause_id": "128334-V",
        "effect_id": "144844-V"
    },
    {
        "cause_id": "133001-V",
        "effect_id": "116242-V"
    },
    {
        "cause_id": "137667-V",
        "effect_id": "119115-V"
    },
    {
        "cause_id": "125781-V",
        "effect_id": "119797-V"
    },
    {
        "cause_id": "132983-V",
        "effect_id": "145706-V"
    },
    {
        "cause_id": "133422-V",
        "effect_id": "123604-V"
    },
    {
        "cause_id": "133437-V",
        "effect_id": "128304-V"
    },
    {
        "cause_id": "133473-V",
        "effect_id": "133474-V"
    },
    {
        "cause_id": "133476-V",
        "effect_id": "118452-V"
    },
    {
        "cause_id": "139618-V",
        "effect_id": "106915-V"
    },
    {
        "cause_id": "133498-V",
        "effect_id": "106653-V"
    },
    {
        "cause_id": "129720-V",
        "effect_id": "113962-V"
    },
    {
        "cause_id": "129716-V",
        "effect_id": "120334-V"
    },
    {
        "cause_id": "129710-V",
        "effect_id": "120955-V"
    },
    {
        "cause_id": "125774-V",
        "effect_id": "118135-V"
    },
    {
        "cause_id": "133567-V",
        "effect_id": "127631-V"
    },
    {
        "cause_id": "125769-V",
        "effect_id": "120589-V"
    },
    {
        "cause_id": "132824-V",
        "effect_id": "116105-V"
    },
    {
        "cause_id": "132814-V",
        "effect_id": "132813-V"
    },
    {
        "cause_id": "136166-V",
        "effect_id": "125615-V"
    },
    {
        "cause_id": "128286-V",
        "effect_id": "128299-V"
    },
    {
        "cause_id": "128281-V",
        "effect_id": "129365-V"
    },
    {
        "cause_id": "136200-V",
        "effect_id": "114189-V"
    },
    {
        "cause_id": "136200-V",
        "effect_id": "125734-V"
    },
    {
        "cause_id": "140856-V",
        "effect_id": "129219-V"
    },
    {
        "cause_id": "133659-V",
        "effect_id": "130670-V"
    },
    {
        "cause_id": "133677-V",
        "effect_id": "127400-V"
    },
    {
        "cause_id": "128259-V",
        "effect_id": "5697-V"
    },
    {
        "cause_id": "132760-V",
        "effect_id": "116840-V"
    },
    {
        "cause_id": "132760-V",
        "effect_id": "118072-V"
    },
    {
        "cause_id": "133724-V",
        "effect_id": "106497-V"
    },
    {
        "cause_id": "125642-V",
        "effect_id": "125644-V"
    },
    {
        "cause_id": "129399-V",
        "effect_id": "114462-V"
    },
    {
        "cause_id": "133738-V",
        "effect_id": "124330-V"
    },
    {
        "cause_id": "133750-V",
        "effect_id": "133751-V"
    },
    {
        "cause_id": "132740-V",
        "effect_id": "116296-V"
    },
    {
        "cause_id": "125640-V",
        "effect_id": "125645-V"
    },
    {
        "cause_id": "138991-V",
        "effect_id": "5697-V"
    },
    {
        "cause_id": "132624-V",
        "effect_id": "138487-V"
    },
    {
        "cause_id": "133920-V",
        "effect_id": "129117-V"
    },
    {
        "cause_id": "132257-V",
        "effect_id": "141461-V"
    },
    {
        "cause_id": "133943-V",
        "effect_id": "111978-V"
    },
    {
        "cause_id": "137882-V",
        "effect_id": "129748-V"
    },
    {
        "cause_id": "136419-V",
        "effect_id": "142934-V"
    },
    {
        "cause_id": "125622-V",
        "effect_id": "119676-V"
    },
    {
        "cause_id": "139733-V",
        "effect_id": "107328-V"
    },
    {
        "cause_id": "129209-V",
        "effect_id": "125650-V"
    },
    {
        "cause_id": "129203-V",
        "effect_id": "117709-V"
    },
    {
        "cause_id": "129203-V",
        "effect_id": "129204-V"
    },
    {
        "cause_id": "134131-V",
        "effect_id": "138316-V"
    },
    {
        "cause_id": "134141-V",
        "effect_id": "118129-V"
    },
    {
        "cause_id": "125904-V",
        "effect_id": "112280-V"
    },
    {
        "cause_id": "129188-V",
        "effect_id": "127089-V"
    },
    {
        "cause_id": "125901-V",
        "effect_id": "124581-V"
    },
    {
        "cause_id": "125754-V",
        "effect_id": "120567-V"
    },
    {
        "cause_id": "131792-V",
        "effect_id": "116333-V"
    },
    {
        "cause_id": "129181-V",
        "effect_id": "121082-V"
    },
    {
        "cause_id": "131726-V",
        "effect_id": "118379-V"
    },
    {
        "cause_id": "127497-V",
        "effect_id": "118309-V"
    },
    {
        "cause_id": "131719-V",
        "effect_id": "130342-V"
    },
    {
        "cause_id": "134434-V",
        "effect_id": "128679-V"
    },
    {
        "cause_id": "134437-V",
        "effect_id": "151726-V"
    },
    {
        "cause_id": "125460-V",
        "effect_id": "107696-V"
    },
    {
        "cause_id": "131616-V",
        "effect_id": "149387-V"
    },
    {
        "cause_id": "139779-V",
        "effect_id": "144720-V"
    },
    {
        "cause_id": "127425-V",
        "effect_id": "119920-V"
    },
    {
        "cause_id": "129095-V",
        "effect_id": "112013-V"
    },
    {
        "cause_id": "129084-V",
        "effect_id": "120187-V"
    },
    {
        "cause_id": "134772-V",
        "effect_id": "151774-V"
    },
    {
        "cause_id": "131342-V",
        "effect_id": "131341-V"
    },
    {
        "cause_id": "138220-V",
        "effect_id": "139584-V"
    },
    {
        "cause_id": "137024-V",
        "effect_id": "3980-V"
    },
    {
        "cause_id": "131071-V",
        "effect_id": "116133-V"
    },
    {
        "cause_id": "140442-V",
        "effect_id": "118441-V"
    },
    {
        "cause_id": "140663-V",
        "effect_id": "128312-V"
    },
    {
        "cause_id": "138308-V",
        "effect_id": "120603-V"
    },
    {
        "cause_id": "125092-V",
        "effect_id": "125647-V"
    },
    {
        "cause_id": "128801-V",
        "effect_id": "138329-V"
    },
    {
        "cause_id": "128796-V",
        "effect_id": "124609-V"
    },
    {
        "cause_id": "139858-V",
        "effect_id": "117092-V"
    },
    {
        "cause_id": "130936-V",
        "effect_id": "118502-V"
    },
    {
        "cause_id": "128789-V",
        "effect_id": "139430-V"
    },
    {
        "cause_id": "128789-V",
        "effect_id": "146917-V"
    },
    {
        "cause_id": "130935-V",
        "effect_id": "117673-V"
    },
    {
        "cause_id": "125819-V",
        "effect_id": "125830-V"
    },
    {
        "cause_id": "128784-V",
        "effect_id": "148440-V"
    },
    {
        "cause_id": "130876-V",
        "effect_id": "126079-V"
    },
    {
        "cause_id": "128683-V",
        "effect_id": "143243-V"
    },
    {
        "cause_id": "137195-V",
        "effect_id": "144686-V"
    },
    {
        "cause_id": "125094-V",
        "effect_id": "106705-V"
    },
    {
        "cause_id": "128668-V",
        "effect_id": "122260-V"
    },
    {
        "cause_id": "137219-V",
        "effect_id": "109920-V"
    },
    {
        "cause_id": "137219-V",
        "effect_id": "7589-V"
    },
    {
        "cause_id": "138411-V",
        "effect_id": "118826-V"
    },
    {
        "cause_id": "128657-V",
        "effect_id": "146822-V"
    },
    {
        "cause_id": "130610-V",
        "effect_id": "120425-V"
    },
    {
        "cause_id": "137270-V",
        "effect_id": "116526-V"
    },
    {
        "cause_id": "128639-V",
        "effect_id": "128593-V"
    },
    {
        "cause_id": "127249-V",
        "effect_id": "6962-V"
    },
    {
        "cause_id": "128637-V",
        "effect_id": "119881-V"
    },
    {
        "cause_id": "125734-V",
        "effect_id": "114189-V"
    },
    {
        "cause_id": "128626-V",
        "effect_id": "106476-V"
    },
    {
        "cause_id": "140676-V",
        "effect_id": "134035-V"
    },
    {
        "cause_id": "127237-V",
        "effect_id": "136910-V"
    },
    {
        "cause_id": "130458-V",
        "effect_id": "111110-V"
    },
    {
        "cause_id": "128619-V",
        "effect_id": "134367-V"
    },
    {
        "cause_id": "128614-V",
        "effect_id": "106781-V"
    },
    {
        "cause_id": "135577-V",
        "effect_id": "111495-V"
    },
    {
        "cause_id": "135585-V",
        "effect_id": "135586-V"
    },
    {
        "cause_id": "135619-V",
        "effect_id": "115796-V"
    },
    {
        "cause_id": "128597-V",
        "effect_id": "134425-V"
    },
    {
        "cause_id": "125801-V",
        "effect_id": "124720-V"
    },
    {
        "cause_id": "128595-V",
        "effect_id": "128596-V"
    },
    {
        "cause_id": "137414-V",
        "effect_id": "140741-V"
    },
    {
        "cause_id": "125798-V",
        "effect_id": "152320-V"
    },
    {
        "cause_id": "130246-V",
        "effect_id": "121502-V"
    },
    {
        "cause_id": "137429-V",
        "effect_id": "115429-V"
    },
    {
        "cause_id": "128446-V",
        "effect_id": "137328-V"
    },
    {
        "cause_id": "125687-V",
        "effect_id": "130360-V"
    },
    {
        "cause_id": "130080-V",
        "effect_id": "128448-V"
    },
    {
        "cause_id": "130069-V",
        "effect_id": "130081-V"
    },
    {
        "cause_id": "123558-V",
        "effect_id": "126564-V"
    },
    {
        "cause_id": "118801-V",
        "effect_id": "116424-V"
    },
    {
        "cause_id": "115763-V",
        "effect_id": "132722-V"
    },
    {
        "cause_id": "114569-V",
        "effect_id": "111845-V"
    },
    {
        "cause_id": "116522-V",
        "effect_id": "116308-V"
    },
    {
        "cause_id": "116520-V",
        "effect_id": "128300-V"
    },
    {
        "cause_id": "118732-V",
        "effect_id": "118730-V"
    },
    {
        "cause_id": "118732-V",
        "effect_id": "118731-V"
    },
    {
        "cause_id": "118727-V",
        "effect_id": "130940-V"
    },
    {
        "cause_id": "121042-V",
        "effect_id": "128802-V"
    },
    {
        "cause_id": "118692-V",
        "effect_id": "123804-V"
    },
    {
        "cause_id": "118952-V",
        "effect_id": "114217-V"
    },
    {
        "cause_id": "118673-V",
        "effect_id": "139860-V"
    },
    {
        "cause_id": "116488-V",
        "effect_id": "112280-V"
    },
    {
        "cause_id": "121060-V",
        "effect_id": "115672-V"
    },
    {
        "cause_id": "118591-V",
        "effect_id": "130344-V"
    },
    {
        "cause_id": "123588-V",
        "effect_id": "126070-V"
    },
    {
        "cause_id": "116458-V",
        "effect_id": "7609-V"
    },
    {
        "cause_id": "118570-V",
        "effect_id": "110237-V"
    },
    {
        "cause_id": "114441-V",
        "effect_id": "121544-V"
    },
    {
        "cause_id": "121100-V",
        "effect_id": "119282-V"
    },
    {
        "cause_id": "118532-V",
        "effect_id": "118533-V"
    },
    {
        "cause_id": "119056-V",
        "effect_id": "114089-V"
    },
    {
        "cause_id": "118516-V",
        "effect_id": "131062-V"
    },
    {
        "cause_id": "116441-V",
        "effect_id": "107462-V"
    },
    {
        "cause_id": "119080-V",
        "effect_id": "120610-V"
    },
    {
        "cause_id": "116434-V",
        "effect_id": "3758-V"
    },
    {
        "cause_id": "121138-V",
        "effect_id": "145463-V"
    },
    {
        "cause_id": "118427-V",
        "effect_id": "118428-V"
    },
    {
        "cause_id": "119151-V",
        "effect_id": "133367-V"
    },
    {
        "cause_id": "119152-V",
        "effect_id": "128591-V"
    },
    {
        "cause_id": "121147-V",
        "effect_id": "121146-V"
    },
    {
        "cause_id": "116393-V",
        "effect_id": "116394-V"
    },
    {
        "cause_id": "118370-V",
        "effect_id": "112839-V"
    },
    {
        "cause_id": "116391-V",
        "effect_id": "119329-V"
    },
    {
        "cause_id": "118363-V",
        "effect_id": "128378-V"
    },
    {
        "cause_id": "118361-V",
        "effect_id": "128379-V"
    },
    {
        "cause_id": "118361-V",
        "effect_id": "128380-V"
    },
    {
        "cause_id": "116385-V",
        "effect_id": "116387-V"
    },
    {
        "cause_id": "115265-V",
        "effect_id": "137907-V"
    },
    {
        "cause_id": "115694-V",
        "effect_id": "107470-V"
    },
    {
        "cause_id": "114560-V",
        "effect_id": "115788-V"
    },
    {
        "cause_id": "118324-V",
        "effect_id": "117225-V"
    },
    {
        "cause_id": "116367-V",
        "effect_id": "143230-V"
    },
    {
        "cause_id": "116349-V",
        "effect_id": "116302-V"
    },
    {
        "cause_id": "121222-V",
        "effect_id": "8529-V"
    },
    {
        "cause_id": "115686-V",
        "effect_id": "115688-V"
    },
    {
        "cause_id": "114664-V",
        "effect_id": "117114-V"
    },
    {
        "cause_id": "115246-V",
        "effect_id": "106587-V"
    },
    {
        "cause_id": "118059-V",
        "effect_id": "133982-V"
    },
    {
        "cause_id": "118058-V",
        "effect_id": "111094-V"
    },
    {
        "cause_id": "115676-V",
        "effect_id": "115678-V"
    },
    {
        "cause_id": "118041-V",
        "effect_id": "118045-V"
    },
    {
        "cause_id": "118038-V",
        "effect_id": "123787-V"
    },
    {
        "cause_id": "121272-V",
        "effect_id": "116741-V"
    },
    {
        "cause_id": "117994-V",
        "effect_id": "120973-V"
    },
    {
        "cause_id": "117981-V",
        "effect_id": "116333-V"
    },
    {
        "cause_id": "121284-V",
        "effect_id": "143305-V"
    },
    {
        "cause_id": "117936-V",
        "effect_id": "137708-V"
    },
    {
        "cause_id": "114663-V",
        "effect_id": "120076-V"
    },
    {
        "cause_id": "119450-V",
        "effect_id": "121439-V"
    },
    {
        "cause_id": "121316-V",
        "effect_id": "115970-V"
    },
    {
        "cause_id": "117917-V",
        "effect_id": "106803-V"
    },
    {
        "cause_id": "117916-V",
        "effect_id": "106802-V"
    },
    {
        "cause_id": "117915-V",
        "effect_id": "117914-V"
    },
    {
        "cause_id": "116284-V",
        "effect_id": "114089-V"
    },
    {
        "cause_id": "117872-V",
        "effect_id": "120181-V"
    },
    {
        "cause_id": "115221-V",
        "effect_id": "144632-V"
    },
    {
        "cause_id": "114934-V",
        "effect_id": "107062-V"
    },
    {
        "cause_id": "121354-V",
        "effect_id": "121355-V"
    },
    {
        "cause_id": "117834-V",
        "effect_id": "115802-V"
    },
    {
        "cause_id": "117817-V",
        "effect_id": "125748-V"
    },
    {
        "cause_id": "115653-V",
        "effect_id": "133636-V"
    },
    {
        "cause_id": "117733-V",
        "effect_id": "145892-V"
    },
    {
        "cause_id": "115652-V",
        "effect_id": "140625-V"
    },
    {
        "cause_id": "117710-V",
        "effect_id": "5252-V"
    },
    {
        "cause_id": "117710-V",
        "effect_id": "7787-V"
    },
    {
        "cause_id": "121392-V",
        "effect_id": "135666-V"
    },
    {
        "cause_id": "114501-V",
        "effect_id": "129749-V"
    },
    {
        "cause_id": "117697-V",
        "effect_id": "132228-V"
    },
    {
        "cause_id": "117696-V",
        "effect_id": "132227-V"
    },
    {
        "cause_id": "117693-V",
        "effect_id": "107215-V"
    },
    {
        "cause_id": "117693-V",
        "effect_id": "119961-V"
    },
    {
        "cause_id": "116240-V",
        "effect_id": "117561-V"
    },
    {
        "cause_id": "115208-V",
        "effect_id": "133361-V"
    },
    {
        "cause_id": "119618-V",
        "effect_id": "119617-V"
    },
    {
        "cause_id": "117689-V",
        "effect_id": "119553-V"
    },
    {
        "cause_id": "121407-V",
        "effect_id": "123775-V"
    },
    {
        "cause_id": "117661-V",
        "effect_id": "116803-V"
    },
    {
        "cause_id": "119652-V",
        "effect_id": "6558-V"
    },
    {
        "cause_id": "121426-V",
        "effect_id": "118394-V"
    },
    {
        "cause_id": "116228-V",
        "effect_id": "116229-V"
    },
    {
        "cause_id": "119669-V",
        "effect_id": "106497-V"
    },
    {
        "cause_id": "116223-V",
        "effect_id": "131340-V"
    },
    {
        "cause_id": "124429-V",
        "effect_id": "149882-V"
    },
    {
        "cause_id": "123829-V",
        "effect_id": "121474-V"
    },
    {
        "cause_id": "123830-V",
        "effect_id": "151533-V"
    },
    {
        "cause_id": "115632-V",
        "effect_id": "117014-V"
    },
    {
        "cause_id": "119695-V",
        "effect_id": "115787-V"
    },
    {
        "cause_id": "115627-V",
        "effect_id": "115626-V"
    },
    {
        "cause_id": "116208-V",
        "effect_id": "117912-V"
    },
    {
        "cause_id": "121459-V",
        "effect_id": "118247-V"
    },
    {
        "cause_id": "123841-V",
        "effect_id": "134089-V"
    },
    {
        "cause_id": "115620-V",
        "effect_id": "115621-V"
    },
    {
        "cause_id": "116200-V",
        "effect_id": "116201-V"
    },
    {
        "cause_id": "117526-V",
        "effect_id": "117527-V"
    },
    {
        "cause_id": "123845-V",
        "effect_id": "152512-V"
    },
    {
        "cause_id": "123846-V",
        "effect_id": "116362-V"
    },
    {
        "cause_id": "116188-V",
        "effect_id": "120393-V"
    },
    {
        "cause_id": "121499-V",
        "effect_id": "121500-V"
    },
    {
        "cause_id": "114652-V",
        "effect_id": "126589-V"
    },
    {
        "cause_id": "117390-V",
        "effect_id": "107175-V"
    },
    {
        "cause_id": "116159-V",
        "effect_id": "116161-V"
    },
    {
        "cause_id": "116157-V",
        "effect_id": "106497-V"
    },
    {
        "cause_id": "114886-V",
        "effect_id": "139471-V"
    },
    {
        "cause_id": "117324-V",
        "effect_id": "132994-V"
    },
    {
        "cause_id": "117317-V",
        "effect_id": "120772-V"
    },
    {
        "cause_id": "117305-V",
        "effect_id": "129127-V"
    },
    {
        "cause_id": "117302-V",
        "effect_id": "117303-V"
    },
    {
        "cause_id": "121553-V",
        "effect_id": "121552-V"
    },
    {
        "cause_id": "119877-V",
        "effect_id": "121304-V"
    },
    {
        "cause_id": "117280-V",
        "effect_id": "133089-V"
    },
    {
        "cause_id": "115182-V",
        "effect_id": "128984-V"
    },
    {
        "cause_id": "117208-V",
        "effect_id": "117209-V"
    },
    {
        "cause_id": "117207-V",
        "effect_id": "117205-V"
    },
    {
        "cause_id": "117196-V",
        "effect_id": "120573-V"
    },
    {
        "cause_id": "119964-V",
        "effect_id": "123860-V"
    },
    {
        "cause_id": "116104-V",
        "effect_id": "117104-V"
    },
    {
        "cause_id": "114637-V",
        "effect_id": "117829-V"
    },
    {
        "cause_id": "116097-V",
        "effect_id": "117450-V"
    },
    {
        "cause_id": "119987-V",
        "effect_id": "119493-V"
    },
    {
        "cause_id": "117154-V",
        "effect_id": "117153-V"
    },
    {
        "cause_id": "117151-V",
        "effect_id": "106856-V"
    },
    {
        "cause_id": "117151-V",
        "effect_id": "140622-V"
    },
    {
        "cause_id": "120034-V",
        "effect_id": "116636-V"
    },
    {
        "cause_id": "120043-V",
        "effect_id": "133516-V"
    },
    {
        "cause_id": "117121-V",
        "effect_id": "117122-V"
    },
    {
        "cause_id": "120054-V",
        "effect_id": "117943-V"
    },
    {
        "cause_id": "117105-V",
        "effect_id": "117103-V"
    },
    {
        "cause_id": "120093-V",
        "effect_id": "128605-V"
    },
    {
        "cause_id": "120095-V",
        "effect_id": "106697-V"
    },
    {
        "cause_id": "120095-V",
        "effect_id": "118878-V"
    },
    {
        "cause_id": "116042-V",
        "effect_id": "116041-V"
    },
    {
        "cause_id": "115545-V",
        "effect_id": "141709-V"
    },
    {
        "cause_id": "115538-V",
        "effect_id": "115540-V"
    },
    {
        "cause_id": "117039-V",
        "effect_id": "117791-V"
    },
    {
        "cause_id": "123950-V",
        "effect_id": "129197-V"
    },
    {
        "cause_id": "120166-V",
        "effect_id": "114560-V"
    },
    {
        "cause_id": "114453-V",
        "effect_id": "114452-V"
    },
    {
        "cause_id": "115159-V",
        "effect_id": "121152-V"
    },
    {
        "cause_id": "115158-V",
        "effect_id": "116044-V"
    },
    {
        "cause_id": "115157-V",
        "effect_id": "117650-V"
    },
    {
        "cause_id": "120221-V",
        "effect_id": "121221-V"
    },
    {
        "cause_id": "120265-V",
        "effect_id": "130453-V"
    },
    {
        "cause_id": "116969-V",
        "effect_id": "127373-V"
    },
    {
        "cause_id": "120293-V",
        "effect_id": "120295-V"
    },
    {
        "cause_id": "114599-V",
        "effect_id": "117320-V"
    },
    {
        "cause_id": "120297-V",
        "effect_id": "120298-V"
    },
    {
        "cause_id": "114598-V",
        "effect_id": "114597-V"
    },
    {
        "cause_id": "114819-V",
        "effect_id": "114820-V"
    },
    {
        "cause_id": "114438-V",
        "effect_id": "3758-V"
    },
    {
        "cause_id": "124548-V",
        "effect_id": "130886-V"
    },
    {
        "cause_id": "116895-V",
        "effect_id": "115702-V"
    },
    {
        "cause_id": "115971-V",
        "effect_id": "121081-V"
    },
    {
        "cause_id": "115970-V",
        "effect_id": "115974-V"
    },
    {
        "cause_id": "120376-V",
        "effect_id": "116885-V"
    },
    {
        "cause_id": "115486-V",
        "effect_id": "115489-V"
    },
    {
        "cause_id": "115964-V",
        "effect_id": "116657-V"
    },
    {
        "cause_id": "116859-V",
        "effect_id": "116860-V"
    },
    {
        "cause_id": "115104-V",
        "effect_id": "118284-V"
    },
    {
        "cause_id": "115940-V",
        "effect_id": "131797-V"
    },
    {
        "cause_id": "116828-V",
        "effect_id": "120666-V"
    },
    {
        "cause_id": "115938-V",
        "effect_id": "115939-V"
    },
    {
        "cause_id": "115444-V",
        "effect_id": "111045-V"
    },
    {
        "cause_id": "120490-V",
        "effect_id": "142994-V"
    },
    {
        "cause_id": "115103-V",
        "effect_id": "107253-V"
    },
    {
        "cause_id": "115102-V",
        "effect_id": "116929-V"
    },
    {
        "cause_id": "120502-V",
        "effect_id": "106615-V"
    },
    {
        "cause_id": "116821-V",
        "effect_id": "112280-V"
    },
    {
        "cause_id": "116820-V",
        "effect_id": "123481-V"
    },
    {
        "cause_id": "114422-V",
        "effect_id": "106932-V"
    },
    {
        "cause_id": "115100-V",
        "effect_id": "115099-V"
    },
    {
        "cause_id": "115912-V",
        "effect_id": "115913-V"
    },
    {
        "cause_id": "115092-V",
        "effect_id": "116841-V"
    },
    {
        "cause_id": "120571-V",
        "effect_id": "120572-V"
    },
    {
        "cause_id": "115431-V",
        "effect_id": "120313-V"
    },
    {
        "cause_id": "116789-V",
        "effect_id": "116788-V"
    },
    {
        "cause_id": "115890-V",
        "effect_id": "121232-V"
    },
    {
        "cause_id": "116785-V",
        "effect_id": "106770-V"
    },
    {
        "cause_id": "116773-V",
        "effect_id": "116776-V"
    },
    {
        "cause_id": "123421-V",
        "effect_id": "123420-V"
    },
    {
        "cause_id": "120658-V",
        "effect_id": "120618-V"
    },
    {
        "cause_id": "116747-V",
        "effect_id": "145878-V"
    },
    {
        "cause_id": "116746-V",
        "effect_id": "106813-V"
    },
    {
        "cause_id": "116746-V",
        "effect_id": "120762-V"
    },
    {
        "cause_id": "120688-V",
        "effect_id": "148334-V"
    },
    {
        "cause_id": "116694-V",
        "effect_id": "111115-V"
    },
    {
        "cause_id": "120768-V",
        "effect_id": "120769-V"
    },
    {
        "cause_id": "116690-V",
        "effect_id": "116691-V"
    },
    {
        "cause_id": "120781-V",
        "effect_id": "1359-V"
    },
    {
        "cause_id": "115055-V",
        "effect_id": "116132-V"
    },
    {
        "cause_id": "115840-V",
        "effect_id": "119796-V"
    },
    {
        "cause_id": "115350-V",
        "effect_id": "154747-V"
    },
    {
        "cause_id": "116666-V",
        "effect_id": "117289-V"
    },
    {
        "cause_id": "116661-V",
        "effect_id": "149601-V"
    },
    {
        "cause_id": "120842-V",
        "effect_id": "115435-V"
    },
    {
        "cause_id": "115316-V",
        "effect_id": "114462-V"
    },
    {
        "cause_id": "115316-V",
        "effect_id": "115313-V"
    },
    {
        "cause_id": "120855-V",
        "effect_id": "120857-V"
    },
    {
        "cause_id": "115820-V",
        "effect_id": "117673-V"
    },
    {
        "cause_id": "114572-V",
        "effect_id": "115677-V"
    },
    {
        "cause_id": "115819-V",
        "effect_id": "130868-V"
    },
    {
        "cause_id": "114728-V",
        "effect_id": "128790-V"
    },
    {
        "cause_id": "124632-V",
        "effect_id": "146632-V"
    },
    {
        "cause_id": "115797-V",
        "effect_id": "117581-V"
    },
    {
        "cause_id": "123532-V",
        "effect_id": "123510-V"
    },
    {
        "cause_id": "123532-V",
        "effect_id": "135453-V"
    },
    {
        "cause_id": "123533-V",
        "effect_id": "134118-V"
    },
    {
        "cause_id": "123543-V",
        "effect_id": "114914-V"
    },
    {
        "cause_id": "112075-V",
        "effect_id": "112076-V"
    },
    {
        "cause_id": "113386-V",
        "effect_id": "116767-V"
    },
    {
        "cause_id": "111690-V",
        "effect_id": "121336-V"
    },
    {
        "cause_id": "112077-V",
        "effect_id": "115698-V"
    },
    {
        "cause_id": "107533-V",
        "effect_id": "111485-V"
    },
    {
        "cause_id": "106999-V",
        "effect_id": "106697-V"
    },
    {
        "cause_id": "110822-V",
        "effect_id": "146464-V"
    },
    {
        "cause_id": "111414-V",
        "effect_id": "121189-V"
    },
    {
        "cause_id": "112290-V",
        "effect_id": "121044-V"
    },
    {
        "cause_id": "111466-V",
        "effect_id": "129008-V"
    },
    {
        "cause_id": "112291-V",
        "effect_id": "129128-V"
    },
    {
        "cause_id": "110823-V",
        "effect_id": "112002-V"
    },
    {
        "cause_id": "110823-V",
        "effect_id": "131933-V"
    },
    {
        "cause_id": "110784-V",
        "effect_id": "111672-V"
    },
    {
        "cause_id": "114187-V",
        "effect_id": "114188-V"
    },
    {
        "cause_id": "111725-V",
        "effect_id": "113165-V"
    },
    {
        "cause_id": "109444-V",
        "effect_id": "119226-V"
    },
    {
        "cause_id": "111931-V",
        "effect_id": "116160-V"
    },
    {
        "cause_id": "111147-V",
        "effect_id": "107513-V"
    },
    {
        "cause_id": "111479-V",
        "effect_id": "115269-V"
    },
    {
        "cause_id": "111483-V",
        "effect_id": "111486-V"
    },
    {
        "cause_id": "113825-V",
        "effect_id": "117740-V"
    },
    {
        "cause_id": "112820-V",
        "effect_id": "121438-V"
    },
    {
        "cause_id": "111487-V",
        "effect_id": "120278-V"
    },
    {
        "cause_id": "110888-V",
        "effect_id": "106641-V"
    },
    {
        "cause_id": "113826-V",
        "effect_id": "117741-V"
    },
    {
        "cause_id": "110475-V",
        "effect_id": "106680-V"
    },
    {
        "cause_id": "110751-V",
        "effect_id": "115583-V"
    },
    {
        "cause_id": "111493-V",
        "effect_id": "119625-V"
    },
    {
        "cause_id": "110824-V",
        "effect_id": "150023-V"
    },
    {
        "cause_id": "111753-V",
        "effect_id": "111094-V"
    },
    {
        "cause_id": "110476-V",
        "effect_id": "106657-V"
    },
    {
        "cause_id": "110476-V",
        "effect_id": "118562-V"
    },
    {
        "cause_id": "111192-V",
        "effect_id": "143926-V"
    },
    {
        "cause_id": "111954-V",
        "effect_id": "117855-V"
    },
    {
        "cause_id": "111043-V",
        "effect_id": "133639-V"
    },
    {
        "cause_id": "111265-V",
        "effect_id": "136374-V"
    },
    {
        "cause_id": "111759-V",
        "effect_id": "106902-V"
    },
    {
        "cause_id": "110793-V",
        "effect_id": "111671-V"
    },
    {
        "cause_id": "110478-V",
        "effect_id": "117162-V"
    },
    {
        "cause_id": "112535-V",
        "effect_id": "112536-V"
    },
    {
        "cause_id": "114075-V",
        "effect_id": "135137-V"
    },
    {
        "cause_id": "113453-V",
        "effect_id": "133624-V"
    },
    {
        "cause_id": "114372-V",
        "effect_id": "116388-V"
    },
    {
        "cause_id": "106473-V",
        "effect_id": "106477-V"
    },
    {
        "cause_id": "110894-V",
        "effect_id": "110893-V"
    },
    {
        "cause_id": "110480-V",
        "effect_id": "106664-V"
    },
    {
        "cause_id": "106483-V",
        "effect_id": "133878-V"
    },
    {
        "cause_id": "107692-V",
        "effect_id": "106479-V"
    },
    {
        "cause_id": "110481-V",
        "effect_id": "117115-V"
    },
    {
        "cause_id": "111766-V",
        "effect_id": "111767-V"
    },
    {
        "cause_id": "112342-V",
        "effect_id": "112343-V"
    },
    {
        "cause_id": "106494-V",
        "effect_id": "106479-V"
    },
    {
        "cause_id": "110482-V",
        "effect_id": "118798-V"
    },
    {
        "cause_id": "111100-V",
        "effect_id": "111098-V"
    },
    {
        "cause_id": "111775-V",
        "effect_id": "121249-V"
    },
    {
        "cause_id": "112136-V",
        "effect_id": "111845-V"
    },
    {
        "cause_id": "106520-V",
        "effect_id": "106521-V"
    },
    {
        "cause_id": "111047-V",
        "effect_id": "111190-V"
    },
    {
        "cause_id": "111371-V",
        "effect_id": "119903-V"
    },
    {
        "cause_id": "106533-V",
        "effect_id": "133372-V"
    },
    {
        "cause_id": "107190-V",
        "effect_id": "124609-V"
    },
    {
        "cause_id": "106535-V",
        "effect_id": "120856-V"
    },
    {
        "cause_id": "111782-V",
        "effect_id": "116691-V"
    },
    {
        "cause_id": "112976-V",
        "effect_id": "118134-V"
    },
    {
        "cause_id": "111112-V",
        "effect_id": "111114-V"
    },
    {
        "cause_id": "106557-V",
        "effect_id": "111484-V"
    },
    {
        "cause_id": "112364-V",
        "effect_id": "117854-V"
    },
    {
        "cause_id": "112855-V",
        "effect_id": "128792-V"
    },
    {
        "cause_id": "113352-V",
        "effect_id": "116246-V"
    },
    {
        "cause_id": "111156-V",
        "effect_id": "111157-V"
    },
    {
        "cause_id": "106585-V",
        "effect_id": "106618-V"
    },
    {
        "cause_id": "110710-V",
        "effect_id": "111677-V"
    },
    {
        "cause_id": "111996-V",
        "effect_id": "116428-V"
    },
    {
        "cause_id": "111582-V",
        "effect_id": "121044-V"
    },
    {
        "cause_id": "106614-V",
        "effect_id": "106587-V"
    },
    {
        "cause_id": "111587-V",
        "effect_id": "115302-V"
    },
    {
        "cause_id": "106631-V",
        "effect_id": "106629-V"
    },
    {
        "cause_id": "106632-V",
        "effect_id": "106630-V"
    },
    {
        "cause_id": "106634-V",
        "effect_id": "106633-V"
    },
    {
        "cause_id": "111027-V",
        "effect_id": "114829-V"
    },
    {
        "cause_id": "106636-V",
        "effect_id": "106635-V"
    },
    {
        "cause_id": "111999-V",
        "effect_id": "120773-V"
    },
    {
        "cause_id": "106638-V",
        "effect_id": "106637-V"
    },
    {
        "cause_id": "111050-V",
        "effect_id": "111086-V"
    },
    {
        "cause_id": "106640-V",
        "effect_id": "106639-V"
    },
    {
        "cause_id": "106643-V",
        "effect_id": "106642-V"
    },
    {
        "cause_id": "108821-V",
        "effect_id": "107454-V"
    },
    {
        "cause_id": "108824-V",
        "effect_id": "111085-V"
    },
    {
        "cause_id": "111597-V",
        "effect_id": "116473-V"
    },
    {
        "cause_id": "106674-V",
        "effect_id": "106497-V"
    },
    {
        "cause_id": "106674-V",
        "effect_id": "106673-V"
    },
    {
        "cause_id": "110837-V",
        "effect_id": "114913-V"
    },
    {
        "cause_id": "112011-V",
        "effect_id": "140851-V"
    },
    {
        "cause_id": "111030-V",
        "effect_id": "111031-V"
    },
    {
        "cause_id": "114121-V",
        "effect_id": "114122-V"
    },
    {
        "cause_id": "112731-V",
        "effect_id": "2059-V"
    },
    {
        "cause_id": "111606-V",
        "effect_id": "4780-V"
    },
    {
        "cause_id": "112739-V",
        "effect_id": "118154-V"
    },
    {
        "cause_id": "112015-V",
        "effect_id": "112016-V"
    },
    {
        "cause_id": "106719-V",
        "effect_id": "129335-V"
    },
    {
        "cause_id": "106721-V",
        "effect_id": "145020-V"
    },
    {
        "cause_id": "107325-V",
        "effect_id": "113780-V"
    },
    {
        "cause_id": "111842-V",
        "effect_id": "143861-V"
    },
    {
        "cause_id": "113282-V",
        "effect_id": "129803-V"
    },
    {
        "cause_id": "108862-V",
        "effect_id": "130653-V"
    },
    {
        "cause_id": "111852-V",
        "effect_id": "111959-V"
    },
    {
        "cause_id": "108870-V",
        "effect_id": "111045-V"
    },
    {
        "cause_id": "113428-V",
        "effect_id": "144385-V"
    },
    {
        "cause_id": "111413-V",
        "effect_id": "115723-V"
    },
    {
        "cause_id": "110447-V",
        "effect_id": "133804-V"
    },
    {
        "cause_id": "111090-V",
        "effect_id": "111066-V"
    },
    {
        "cause_id": "112605-V",
        "effect_id": "116328-V"
    },
    {
        "cause_id": "110720-V",
        "effect_id": "116659-V"
    },
    {
        "cause_id": "113411-V",
        "effect_id": "113413-V"
    },
    {
        "cause_id": "112607-V",
        "effect_id": "128664-V"
    },
    {
        "cause_id": "111386-V",
        "effect_id": "111612-V"
    },
    {
        "cause_id": "111035-V",
        "effect_id": "111039-V"
    },
    {
        "cause_id": "111640-V",
        "effect_id": "116623-V"
    },
    {
        "cause_id": "113648-V",
        "effect_id": "113647-V"
    },
    {
        "cause_id": "107405-V",
        "effect_id": "107406-V"
    },
    {
        "cause_id": "106808-V",
        "effect_id": "120154-V"
    },
    {
        "cause_id": "112430-V",
        "effect_id": "128380-V"
    },
    {
        "cause_id": "107409-V",
        "effect_id": "111688-V"
    },
    {
        "cause_id": "106818-V",
        "effect_id": "115489-V"
    },
    {
        "cause_id": "107410-V",
        "effect_id": "111994-V"
    },
    {
        "cause_id": "106819-V",
        "effect_id": "106820-V"
    },
    {
        "cause_id": "111362-V",
        "effect_id": "111365-V"
    },
    {
        "cause_id": "107416-V",
        "effect_id": "115539-V"
    },
    {
        "cause_id": "107417-V",
        "effect_id": "115548-V"
    },
    {
        "cause_id": "107418-V",
        "effect_id": "115549-V"
    },
    {
        "cause_id": "107419-V",
        "effect_id": "119903-V"
    },
    {
        "cause_id": "106844-V",
        "effect_id": "106845-V"
    },
    {
        "cause_id": "111436-V",
        "effect_id": "114848-V"
    },
    {
        "cause_id": "108942-V",
        "effect_id": "108945-V"
    },
    {
        "cause_id": "111651-V",
        "effect_id": "111652-V"
    },
    {
        "cause_id": "111036-V",
        "effect_id": "111041-V"
    },
    {
        "cause_id": "108948-V",
        "effect_id": "111101-V"
    },
    {
        "cause_id": "111037-V",
        "effect_id": "111040-V"
    },
    {
        "cause_id": "110726-V",
        "effect_id": "115745-V"
    },
    {
        "cause_id": "110727-V",
        "effect_id": "115744-V"
    },
    {
        "cause_id": "110809-V",
        "effect_id": "117503-V"
    },
    {
        "cause_id": "111656-V",
        "effect_id": "107447-V"
    },
    {
        "cause_id": "106888-V",
        "effect_id": "111038-V"
    },
    {
        "cause_id": "111657-V",
        "effect_id": "116768-V"
    },
    {
        "cause_id": "113657-V",
        "effect_id": "116775-V"
    },
    {
        "cause_id": "110810-V",
        "effect_id": "119934-V"
    },
    {
        "cause_id": "111104-V",
        "effect_id": "111105-V"
    },
    {
        "cause_id": "111668-V",
        "effect_id": "111667-V"
    },
    {
        "cause_id": "112071-V",
        "effect_id": "112072-V"
    },
    {
        "cause_id": "109705-V",
        "effect_id": "111681-V"
    },
    {
        "cause_id": "106938-V",
        "effect_id": "106587-V"
    },
    {
        "cause_id": "113895-V",
        "effect_id": "115010-V"
    },
    {
        "cause_id": "111679-V",
        "effect_id": "111678-V"
    },
    {
        "cause_id": "111680-V",
        "effect_id": "111684-V"
    },
    {
        "cause_id": "106950-V",
        "effect_id": "106951-V"
    }
]