[
    {
        "conclusion_id": "2485-V",
        "premise_id": "9034-V"
    },
    {
        "conclusion_id": "3165-V",
        "premise_id": "7235-V"
    },
    {
        "conclusion_id": "1474-V",
        "premise_id": "891-V"
    },
    {
        "conclusion_id": "112184-V",
        "premise_id": "574-V"
    },
    {
        "conclusion_id": "2678-V",
        "premise_id": "9066-V"
    },
    {
        "conclusion_id": "877-V",
        "premise_id": "878-V"
    },
    {
        "conclusion_id": "106506-V",
        "premise_id": "877-V"
    },
    {
        "conclusion_id": "117709-V",
        "premise_id": "4847-V"
    },
    {
        "conclusion_id": "495-V",
        "premise_id": "9092-V"
    },
    {
        "conclusion_id": "119076-V",
        "premise_id": "7107-V"
    },
    {
        "conclusion_id": "5147-V",
        "premise_id": "5148-V"
    },
    {
        "conclusion_id": "1664-V",
        "premise_id": "5621-V"
    },
    {
        "conclusion_id": "1664-V",
        "premise_id": "5147-V"
    },
    {
        "conclusion_id": "142742-V",
        "premise_id": "8315-V"
    },
    {
        "conclusion_id": "5389-V",
        "premise_id": "4774-V"
    },
    {
        "conclusion_id": "118687-V",
        "premise_id": "4335-V"
    },
    {
        "conclusion_id": "9081-V",
        "premise_id": "8277-V"
    },
    {
        "conclusion_id": "115269-V",
        "premise_id": "5537-V"
    },
    {
        "conclusion_id": "136808-V",
        "premise_id": "6521-V"
    },
    {
        "conclusion_id": "877-V",
        "premise_id": "6521-V"
    },
    {
        "conclusion_id": "115776-V",
        "premise_id": "5031-V"
    },
    {
        "conclusion_id": "2496-V",
        "premise_id": "6513-V"
    },
    {
        "conclusion_id": "145128-V",
        "premise_id": "7621-V"
    },
    {
        "conclusion_id": "140751-V",
        "premise_id": "6309-V"
    },
    {
        "conclusion_id": "151447-V",
        "premise_id": "5295-V"
    },
    {
        "conclusion_id": "9588-V",
        "premise_id": "7542-V"
    },
    {
        "conclusion_id": "9172-V",
        "premise_id": "4939-V"
    },
    {
        "conclusion_id": "5697-V",
        "premise_id": "6154-V"
    },
    {
        "conclusion_id": "117709-V",
        "premise_id": "5252-V"
    },
    {
        "conclusion_id": "5815-V",
        "premise_id": "5796-V"
    },
    {
        "conclusion_id": "2961-V",
        "premise_id": "145934-V"
    },
    {
        "conclusion_id": "6310-V",
        "premise_id": "142664-V"
    },
    {
        "conclusion_id": "112280-V",
        "premise_id": "152244-V"
    },
    {
        "conclusion_id": "137386-V",
        "premise_id": "145892-V"
    },
    {
        "conclusion_id": "6310-V",
        "premise_id": "142663-V"
    },
    {
        "conclusion_id": "118542-V",
        "premise_id": "141430-V"
    },
    {
        "conclusion_id": "142317-V",
        "premise_id": "151826-V"
    },
    {
        "conclusion_id": "106497-V",
        "premise_id": "143716-V"
    },
    {
        "conclusion_id": "106489-V",
        "premise_id": "142583-V"
    },
    {
        "conclusion_id": "135613-V",
        "premise_id": "145862-V"
    },
    {
        "conclusion_id": "115548-V",
        "premise_id": "145831-V"
    },
    {
        "conclusion_id": "7278-V",
        "premise_id": "145831-V"
    },
    {
        "conclusion_id": "112876-V",
        "premise_id": "152662-V"
    },
    {
        "conclusion_id": "111095-V",
        "premise_id": "152693-V"
    },
    {
        "conclusion_id": "114659-V",
        "premise_id": "152693-V"
    },
    {
        "conclusion_id": "128679-V",
        "premise_id": "152693-V"
    },
    {
        "conclusion_id": "107696-V",
        "premise_id": "151710-V"
    },
    {
        "conclusion_id": "3663-V",
        "premise_id": "4196-V"
    },
    {
        "conclusion_id": "123945-V",
        "premise_id": "152733-V"
    },
    {
        "conclusion_id": "148420-V",
        "premise_id": "149403-V"
    },
    {
        "conclusion_id": "120863-V",
        "premise_id": "143609-V"
    },
    {
        "conclusion_id": "115835-V",
        "premise_id": "148299-V"
    },
    {
        "conclusion_id": "110437-V",
        "premise_id": "145761-V"
    },
    {
        "conclusion_id": "106477-V",
        "premise_id": "141337-V"
    },
    {
        "conclusion_id": "5136-V",
        "premise_id": "151601-V"
    },
    {
        "conclusion_id": "116035-V",
        "premise_id": "145755-V"
    },
    {
        "conclusion_id": "115563-V",
        "premise_id": "143607-V"
    },
    {
        "conclusion_id": "1155-V",
        "premise_id": "152800-V"
    },
    {
        "conclusion_id": "117371-V",
        "premise_id": "152808-V"
    },
    {
        "conclusion_id": "8529-V",
        "premise_id": "145735-V"
    },
    {
        "conclusion_id": "5286-V",
        "premise_id": "152869-V"
    },
    {
        "conclusion_id": "112902-V",
        "premise_id": "142505-V"
    },
    {
        "conclusion_id": "107470-V",
        "premise_id": "145706-V"
    },
    {
        "conclusion_id": "145163-V",
        "premise_id": "151495-V"
    },
    {
        "conclusion_id": "115285-V",
        "premise_id": "148270-V"
    },
    {
        "conclusion_id": "146626-V",
        "premise_id": "2485-V"
    },
    {
        "conclusion_id": "116921-V",
        "premise_id": "149339-V"
    },
    {
        "conclusion_id": "113119-V",
        "premise_id": "151447-V"
    },
    {
        "conclusion_id": "877-V",
        "premise_id": "143523-V"
    },
    {
        "conclusion_id": "111427-V",
        "premise_id": "151406-V"
    },
    {
        "conclusion_id": "2075-V",
        "premise_id": "143359-V"
    },
    {
        "conclusion_id": "111465-V",
        "premise_id": "152928-V"
    },
    {
        "conclusion_id": "111791-V",
        "premise_id": "151404-V"
    },
    {
        "conclusion_id": "117629-V",
        "premise_id": "145662-V"
    },
    {
        "conclusion_id": "130368-V",
        "premise_id": "145662-V"
    },
    {
        "conclusion_id": "117943-V",
        "premise_id": "145643-V"
    },
    {
        "conclusion_id": "106626-V",
        "premise_id": "145633-V"
    },
    {
        "conclusion_id": "148420-V",
        "premise_id": "145603-V"
    },
    {
        "conclusion_id": "106876-V",
        "premise_id": "151387-V"
    },
    {
        "conclusion_id": "106657-V",
        "premise_id": "153001-V"
    },
    {
        "conclusion_id": "118562-V",
        "premise_id": "153001-V"
    },
    {
        "conclusion_id": "6521-V",
        "premise_id": "143303-V"
    },
    {
        "conclusion_id": "106961-V",
        "premise_id": "153035-V"
    },
    {
        "conclusion_id": "107696-V",
        "premise_id": "149220-V"
    },
    {
        "conclusion_id": "118058-V",
        "premise_id": "143286-V"
    },
    {
        "conclusion_id": "2654-V",
        "premise_id": "153081-V"
    },
    {
        "conclusion_id": "175-V",
        "premise_id": "149192-V"
    },
    {
        "conclusion_id": "119504-V",
        "premise_id": "153098-V"
    },
    {
        "conclusion_id": "126118-V",
        "premise_id": "153099-V"
    },
    {
        "conclusion_id": "130936-V",
        "premise_id": "142435-V"
    },
    {
        "conclusion_id": "118677-V",
        "premise_id": "153224-V"
    },
    {
        "conclusion_id": "106781-V",
        "premise_id": "151305-V"
    },
    {
        "conclusion_id": "106467-V",
        "premise_id": "142405-V"
    },
    {
        "conclusion_id": "130988-V",
        "premise_id": "143238-V"
    },
    {
        "conclusion_id": "115773-V",
        "premise_id": "151295-V"
    },
    {
        "conclusion_id": "464-V",
        "premise_id": "3288-V"
    },
    {
        "conclusion_id": "4415-V",
        "premise_id": "145147-V"
    },
    {
        "conclusion_id": "119152-V",
        "premise_id": "151260-V"
    },
    {
        "conclusion_id": "117589-V",
        "premise_id": "153288-V"
    },
    {
        "conclusion_id": "106876-V",
        "premise_id": "153297-V"
    },
    {
        "conclusion_id": "5697-V",
        "premise_id": "145076-V"
    },
    {
        "conclusion_id": "107404-V",
        "premise_id": "151204-V"
    },
    {
        "conclusion_id": "116789-V",
        "premise_id": "153370-V"
    },
    {
        "conclusion_id": "117709-V",
        "premise_id": "143197-V"
    },
    {
        "conclusion_id": "142263-V",
        "premise_id": "150933-V"
    },
    {
        "conclusion_id": "142264-V",
        "premise_id": "150931-V"
    },
    {
        "conclusion_id": "3852-V",
        "premise_id": "148869-V"
    },
    {
        "conclusion_id": "106781-V",
        "premise_id": "148827-V"
    },
    {
        "conclusion_id": "2678-V",
        "premise_id": "2654-V"
    },
    {
        "conclusion_id": "112074-V",
        "premise_id": "148756-V"
    },
    {
        "conclusion_id": "112095-V",
        "premise_id": "148756-V"
    },
    {
        "conclusion_id": "122242-V",
        "premise_id": "153637-V"
    },
    {
        "conclusion_id": "1026-V",
        "premise_id": "1636-V"
    },
    {
        "conclusion_id": "7064-V",
        "premise_id": "1636-V"
    },
    {
        "conclusion_id": "111599-V",
        "premise_id": "143175-V"
    },
    {
        "conclusion_id": "107445-V",
        "premise_id": "153663-V"
    },
    {
        "conclusion_id": "130469-V",
        "premise_id": "144792-V"
    },
    {
        "conclusion_id": "107498-V",
        "premise_id": "144772-V"
    },
    {
        "conclusion_id": "1604-V",
        "premise_id": "153792-V"
    },
    {
        "conclusion_id": "113119-V",
        "premise_id": "150435-V"
    },
    {
        "conclusion_id": "106518-V",
        "premise_id": "142346-V"
    },
    {
        "conclusion_id": "3431-V",
        "premise_id": "2680-V"
    },
    {
        "conclusion_id": "128792-V",
        "premise_id": "150415-V"
    },
    {
        "conclusion_id": "116688-V",
        "premise_id": "143143-V"
    },
    {
        "conclusion_id": "120410-V",
        "premise_id": "144751-V"
    },
    {
        "conclusion_id": "107323-V",
        "premise_id": "143128-V"
    },
    {
        "conclusion_id": "1664-V",
        "premise_id": "3378-V"
    },
    {
        "conclusion_id": "114327-V",
        "premise_id": "147315-V"
    },
    {
        "conclusion_id": "3788-V",
        "premise_id": "142312-V"
    },
    {
        "conclusion_id": "111095-V",
        "premise_id": "141657-V"
    },
    {
        "conclusion_id": "106903-V",
        "premise_id": "147224-V"
    },
    {
        "conclusion_id": "106657-V",
        "premise_id": "150283-V"
    },
    {
        "conclusion_id": "106517-V",
        "premise_id": "154026-V"
    },
    {
        "conclusion_id": "150229-V",
        "premise_id": "150228-V"
    },
    {
        "conclusion_id": "126782-V",
        "premise_id": "154066-V"
    },
    {
        "conclusion_id": "118879-V",
        "premise_id": "147141-V"
    },
    {
        "conclusion_id": "113393-V",
        "premise_id": "144575-V"
    },
    {
        "conclusion_id": "114560-V",
        "premise_id": "141481-V"
    },
    {
        "conclusion_id": "106534-V",
        "premise_id": "150138-V"
    },
    {
        "conclusion_id": "10008-V",
        "premise_id": "147043-V"
    },
    {
        "conclusion_id": "3165-V",
        "premise_id": "147029-V"
    },
    {
        "conclusion_id": "9588-V",
        "premise_id": "1444-V"
    },
    {
        "conclusion_id": "116227-V",
        "premise_id": "142163-V"
    },
    {
        "conclusion_id": "3165-V",
        "premise_id": "146971-V"
    },
    {
        "conclusion_id": "118780-V",
        "premise_id": "141639-V"
    },
    {
        "conclusion_id": "117709-V",
        "premise_id": "150081-V"
    },
    {
        "conclusion_id": "4847-V",
        "premise_id": "150081-V"
    },
    {
        "conclusion_id": "9635-V",
        "premise_id": "144458-V"
    },
    {
        "conclusion_id": "5944-V",
        "premise_id": "146962-V"
    },
    {
        "conclusion_id": "145935-V",
        "premise_id": "154279-V"
    },
    {
        "conclusion_id": "111093-V",
        "premise_id": "146932-V"
    },
    {
        "conclusion_id": "111096-V",
        "premise_id": "146932-V"
    },
    {
        "conclusion_id": "3513-V",
        "premise_id": "150072-V"
    },
    {
        "conclusion_id": "1604-V",
        "premise_id": "150071-V"
    },
    {
        "conclusion_id": "140827-V",
        "premise_id": "142154-V"
    },
    {
        "conclusion_id": "106503-V",
        "premise_id": "148677-V"
    },
    {
        "conclusion_id": "1026-V",
        "premise_id": "2055-V"
    },
    {
        "conclusion_id": "115825-V",
        "premise_id": "141637-V"
    },
    {
        "conclusion_id": "120041-V",
        "premise_id": "144434-V"
    },
    {
        "conclusion_id": "123507-V",
        "premise_id": "146793-V"
    },
    {
        "conclusion_id": "121187-V",
        "premise_id": "287-V"
    },
    {
        "conclusion_id": "107404-V",
        "premise_id": "154460-V"
    },
    {
        "conclusion_id": "2938-V",
        "premise_id": "141301-V"
    },
    {
        "conclusion_id": "110905-V",
        "premise_id": "154552-V"
    },
    {
        "conclusion_id": "145706-V",
        "premise_id": "146721-V"
    },
    {
        "conclusion_id": "115389-V",
        "premise_id": "146720-V"
    },
    {
        "conclusion_id": "106770-V",
        "premise_id": "144379-V"
    },
    {
        "conclusion_id": "110481-V",
        "premise_id": "146706-V"
    },
    {
        "conclusion_id": "118487-V",
        "premise_id": "146706-V"
    },
    {
        "conclusion_id": "135679-V",
        "premise_id": "154654-V"
    },
    {
        "conclusion_id": "110784-V",
        "premise_id": "148443-V"
    },
    {
        "conclusion_id": "122242-V",
        "premise_id": "154670-V"
    },
    {
        "conclusion_id": "124398-V",
        "premise_id": "149965-V"
    },
    {
        "conclusion_id": "111110-V",
        "premise_id": "154714-V"
    },
    {
        "conclusion_id": "107696-V",
        "premise_id": "144358-V"
    },
    {
        "conclusion_id": "131954-V",
        "premise_id": "142867-V"
    },
    {
        "conclusion_id": "110242-V",
        "premise_id": "146678-V"
    },
    {
        "conclusion_id": "150802-V",
        "premise_id": "144297-V"
    },
    {
        "conclusion_id": "124758-V",
        "premise_id": "141613-V"
    },
    {
        "conclusion_id": "6573-V",
        "premise_id": "144158-V"
    },
    {
        "conclusion_id": "116343-V",
        "premise_id": "146661-V"
    },
    {
        "conclusion_id": "2458-V",
        "premise_id": "3496-V"
    },
    {
        "conclusion_id": "126588-V",
        "premise_id": "146638-V"
    },
    {
        "conclusion_id": "115788-V",
        "premise_id": "141611-V"
    },
    {
        "conclusion_id": "111144-V",
        "premise_id": "146632-V"
    },
    {
        "conclusion_id": "117284-V",
        "premise_id": "154895-V"
    },
    {
        "conclusion_id": "127111-V",
        "premise_id": "141610-V"
    },
    {
        "conclusion_id": "148420-V",
        "premise_id": "146627-V"
    },
    {
        "conclusion_id": "114108-V",
        "premise_id": "142846-V"
    },
    {
        "conclusion_id": "3232-V",
        "premise_id": "146626-V"
    },
    {
        "conclusion_id": "106543-V",
        "premise_id": "144119-V"
    },
    {
        "conclusion_id": "112739-V",
        "premise_id": "141459-V"
    },
    {
        "conclusion_id": "114108-V",
        "premise_id": "144051-V"
    },
    {
        "conclusion_id": "152794-V",
        "premise_id": "149827-V"
    },
    {
        "conclusion_id": "118370-V",
        "premise_id": "146624-V"
    },
    {
        "conclusion_id": "107592-V",
        "premise_id": "155007-V"
    },
    {
        "conclusion_id": "128448-V",
        "premise_id": "149822-V"
    },
    {
        "conclusion_id": "2059-V",
        "premise_id": "146536-V"
    },
    {
        "conclusion_id": "115823-V",
        "premise_id": "146498-V"
    },
    {
        "conclusion_id": "1604-V",
        "premise_id": "3036-V"
    },
    {
        "conclusion_id": "111782-V",
        "premise_id": "3037-V"
    },
    {
        "conclusion_id": "115773-V",
        "premise_id": "146489-V"
    },
    {
        "conclusion_id": "149400-V",
        "premise_id": "142056-V"
    },
    {
        "conclusion_id": "112133-V",
        "premise_id": "149785-V"
    },
    {
        "conclusion_id": "116244-V",
        "premise_id": "4021-V"
    },
    {
        "conclusion_id": "123744-V",
        "premise_id": "4021-V"
    },
    {
        "conclusion_id": "148270-V",
        "premise_id": "149767-V"
    },
    {
        "conclusion_id": "117024-V",
        "premise_id": "149766-V"
    },
    {
        "conclusion_id": "111050-V",
        "premise_id": "143879-V"
    },
    {
        "conclusion_id": "123617-V",
        "premise_id": "143847-V"
    },
    {
        "conclusion_id": "106529-V",
        "premise_id": "143840-V"
    },
    {
        "conclusion_id": "1604-V",
        "premise_id": "149653-V"
    },
    {
        "conclusion_id": "1026-V",
        "premise_id": "3852-V"
    },
    {
        "conclusion_id": "111386-V",
        "premise_id": "126151-V"
    },
    {
        "conclusion_id": "120955-V",
        "premise_id": "125650-V"
    },
    {
        "conclusion_id": "127244-V",
        "premise_id": "129799-V"
    },
    {
        "conclusion_id": "148230-V",
        "premise_id": "129795-V"
    },
    {
        "conclusion_id": "3852-V",
        "premise_id": "128342-V"
    },
    {
        "conclusion_id": "1664-V",
        "premise_id": "133322-V"
    },
    {
        "conclusion_id": "116526-V",
        "premise_id": "129792-V"
    },
    {
        "conclusion_id": "106886-V",
        "premise_id": "133370-V"
    },
    {
        "conclusion_id": "136052-V",
        "premise_id": "136053-V"
    },
    {
        "conclusion_id": "129771-V",
        "premise_id": "129767-V"
    },
    {
        "conclusion_id": "144119-V",
        "premise_id": "1333-V"
    },
    {
        "conclusion_id": "106885-V",
        "premise_id": "132985-V"
    },
    {
        "conclusion_id": "107446-V",
        "premise_id": "128312-V"
    },
    {
        "conclusion_id": "107469-V",
        "premise_id": "133418-V"
    },
    {
        "conclusion_id": "107404-V",
        "premise_id": "133419-V"
    },
    {
        "conclusion_id": "106587-V",
        "premise_id": "133420-V"
    },
    {
        "conclusion_id": "115663-V",
        "premise_id": "133422-V"
    },
    {
        "conclusion_id": "117142-V",
        "premise_id": "129753-V"
    },
    {
        "conclusion_id": "143305-V",
        "premise_id": "133438-V"
    },
    {
        "conclusion_id": "125830-V",
        "premise_id": "133440-V"
    },
    {
        "conclusion_id": "116853-V",
        "premise_id": "132908-V"
    },
    {
        "conclusion_id": "133503-V",
        "premise_id": "133504-V"
    },
    {
        "conclusion_id": "106885-V",
        "premise_id": "133508-V"
    },
    {
        "conclusion_id": "132779-V",
        "premise_id": "133515-V"
    },
    {
        "conclusion_id": "112039-V",
        "premise_id": "140551-V"
    },
    {
        "conclusion_id": "121183-V",
        "premise_id": "140551-V"
    },
    {
        "conclusion_id": "4257-V",
        "premise_id": "139625-V"
    },
    {
        "conclusion_id": "122204-V",
        "premise_id": "132850-V"
    },
    {
        "conclusion_id": "115246-V",
        "premise_id": "128293-V"
    },
    {
        "conclusion_id": "131902-V",
        "premise_id": "133567-V"
    },
    {
        "conclusion_id": "117213-V",
        "premise_id": "125769-V"
    },
    {
        "conclusion_id": "113462-V",
        "premise_id": "139639-V"
    },
    {
        "conclusion_id": "117564-V",
        "premise_id": "127102-V"
    },
    {
        "conclusion_id": "107446-V",
        "premise_id": "132787-V"
    },
    {
        "conclusion_id": "111791-V",
        "premise_id": "132784-V"
    },
    {
        "conclusion_id": "132779-V",
        "premise_id": "132780-V"
    },
    {
        "conclusion_id": "114032-V",
        "premise_id": "129579-V"
    },
    {
        "conclusion_id": "117140-V",
        "premise_id": "129579-V"
    },
    {
        "conclusion_id": "146631-V",
        "premise_id": "128285-V"
    },
    {
        "conclusion_id": "114189-V",
        "premise_id": "132769-V"
    },
    {
        "conclusion_id": "117899-V",
        "premise_id": "139665-V"
    },
    {
        "conclusion_id": "154256-V",
        "premise_id": "139665-V"
    },
    {
        "conclusion_id": "106565-V",
        "premise_id": "137760-V"
    },
    {
        "conclusion_id": "120859-V",
        "premise_id": "133661-V"
    },
    {
        "conclusion_id": "117709-V",
        "premise_id": "133670-V"
    },
    {
        "conclusion_id": "106770-V",
        "premise_id": "140566-V"
    },
    {
        "conclusion_id": "145768-V",
        "premise_id": "136245-V"
    },
    {
        "conclusion_id": "115788-V",
        "premise_id": "133680-V"
    },
    {
        "conclusion_id": "120487-V",
        "premise_id": "132763-V"
    },
    {
        "conclusion_id": "1664-V",
        "premise_id": "133714-V"
    },
    {
        "conclusion_id": "114188-V",
        "premise_id": "133717-V"
    },
    {
        "conclusion_id": "127384-V",
        "premise_id": "133719-V"
    },
    {
        "conclusion_id": "116418-V",
        "premise_id": "133726-V"
    },
    {
        "conclusion_id": "2465-V",
        "premise_id": "133739-V"
    },
    {
        "conclusion_id": "115170-V",
        "premise_id": "132742-V"
    },
    {
        "conclusion_id": "108945-V",
        "premise_id": "127069-V"
    },
    {
        "conclusion_id": "107062-V",
        "premise_id": "126002-V"
    },
    {
        "conclusion_id": "115958-V",
        "premise_id": "132732-V"
    },
    {
        "conclusion_id": "108948-V",
        "premise_id": "137819-V"
    },
    {
        "conclusion_id": "111791-V",
        "premise_id": "125638-V"
    },
    {
        "conclusion_id": "1664-V",
        "premise_id": "132694-V"
    },
    {
        "conclusion_id": "106686-V",
        "premise_id": "132693-V"
    },
    {
        "conclusion_id": "111048-V",
        "premise_id": "127047-V"
    },
    {
        "conclusion_id": "110442-V",
        "premise_id": "127635-V"
    },
    {
        "conclusion_id": "106954-V",
        "premise_id": "125960-V"
    },
    {
        "conclusion_id": "3165-V",
        "premise_id": "1322-V"
    },
    {
        "conclusion_id": "121181-V",
        "premise_id": "129300-V"
    },
    {
        "conclusion_id": "1664-V",
        "premise_id": "132244-V"
    },
    {
        "conclusion_id": "124842-V",
        "premise_id": "137880-V"
    },
    {
        "conclusion_id": "109451-V",
        "premise_id": "133962-V"
    },
    {
        "conclusion_id": "115981-V",
        "premise_id": "139726-V"
    },
    {
        "conclusion_id": "115246-V",
        "premise_id": "137883-V"
    },
    {
        "conclusion_id": "119049-V",
        "premise_id": "129242-V"
    },
    {
        "conclusion_id": "1604-V",
        "premise_id": "127580-V"
    },
    {
        "conclusion_id": "3447-V",
        "premise_id": "129222-V"
    },
    {
        "conclusion_id": "8051-V",
        "premise_id": "140329-V"
    },
    {
        "conclusion_id": "117709-V",
        "premise_id": "129204-V"
    },
    {
        "conclusion_id": "111599-V",
        "premise_id": "134111-V"
    },
    {
        "conclusion_id": "116684-V",
        "premise_id": "134119-V"
    },
    {
        "conclusion_id": "125664-V",
        "premise_id": "134121-V"
    },
    {
        "conclusion_id": "107139-V",
        "premise_id": "139737-V"
    },
    {
        "conclusion_id": "112177-V",
        "premise_id": "137928-V"
    },
    {
        "conclusion_id": "110443-V",
        "premise_id": "134130-V"
    },
    {
        "conclusion_id": "109231-V",
        "premise_id": "134131-V"
    },
    {
        "conclusion_id": "112004-V",
        "premise_id": "131927-V"
    },
    {
        "conclusion_id": "114267-V",
        "premise_id": "125905-V"
    },
    {
        "conclusion_id": "4494-V",
        "premise_id": "131907-V"
    },
    {
        "conclusion_id": "118562-V",
        "premise_id": "131901-V"
    },
    {
        "conclusion_id": "117114-V",
        "premise_id": "126705-V"
    },
    {
        "conclusion_id": "108948-V",
        "premise_id": "129194-V"
    },
    {
        "conclusion_id": "107469-V",
        "premise_id": "129191-V"
    },
    {
        "conclusion_id": "111791-V",
        "premise_id": "134188-V"
    },
    {
        "conclusion_id": "111599-V",
        "premise_id": "134196-V"
    },
    {
        "conclusion_id": "107470-V",
        "premise_id": "131899-V"
    },
    {
        "conclusion_id": "125871-V",
        "premise_id": "134200-V"
    },
    {
        "conclusion_id": "660-V",
        "premise_id": "131872-V"
    },
    {
        "conclusion_id": "7332-V",
        "premise_id": "131872-V"
    },
    {
        "conclusion_id": "120031-V",
        "premise_id": "134220-V"
    },
    {
        "conclusion_id": "116481-V",
        "premise_id": "137959-V"
    },
    {
        "conclusion_id": "111857-V",
        "premise_id": "131836-V"
    },
    {
        "conclusion_id": "148800-V",
        "premise_id": "126636-V"
    },
    {
        "conclusion_id": "115800-V",
        "premise_id": "125900-V"
    },
    {
        "conclusion_id": "106974-V",
        "premise_id": "129167-V"
    },
    {
        "conclusion_id": "7341-V",
        "premise_id": "129134-V"
    },
    {
        "conclusion_id": "131726-V",
        "premise_id": "125603-V"
    },
    {
        "conclusion_id": "125898-V",
        "premise_id": "125897-V"
    },
    {
        "conclusion_id": "112133-V",
        "premise_id": "134348-V"
    },
    {
        "conclusion_id": "129771-V",
        "premise_id": "134348-V"
    },
    {
        "conclusion_id": "107010-V",
        "premise_id": "129128-V"
    },
    {
        "conclusion_id": "123757-V",
        "premise_id": "131719-V"
    },
    {
        "conclusion_id": "1489-V",
        "premise_id": "126589-V"
    },
    {
        "conclusion_id": "115995-V",
        "premise_id": "129122-V"
    },
    {
        "conclusion_id": "120133-V",
        "premise_id": "134383-V"
    },
    {
        "conclusion_id": "117709-V",
        "premise_id": "126588-V"
    },
    {
        "conclusion_id": "107308-V",
        "premise_id": "131657-V"
    },
    {
        "conclusion_id": "125817-V",
        "premise_id": "127484-V"
    },
    {
        "conclusion_id": "114462-V",
        "premise_id": "125894-V"
    },
    {
        "conclusion_id": "114267-V",
        "premise_id": "131632-V"
    },
    {
        "conclusion_id": "142402-V",
        "premise_id": "127479-V"
    },
    {
        "conclusion_id": "1604-V",
        "premise_id": "139179-V"
    },
    {
        "conclusion_id": "107445-V",
        "premise_id": "129116-V"
    },
    {
        "conclusion_id": "115158-V",
        "premise_id": "134432-V"
    },
    {
        "conclusion_id": "118347-V",
        "premise_id": "125885-V"
    },
    {
        "conclusion_id": "119506-V",
        "premise_id": "131625-V"
    },
    {
        "conclusion_id": "107404-V",
        "premise_id": "127466-V"
    },
    {
        "conclusion_id": "120319-V",
        "premise_id": "131622-V"
    },
    {
        "conclusion_id": "106678-V",
        "premise_id": "125600-V"
    },
    {
        "conclusion_id": "111193-V",
        "premise_id": "131608-V"
    },
    {
        "conclusion_id": "151726-V",
        "premise_id": "127419-V"
    },
    {
        "conclusion_id": "6604-V",
        "premise_id": "136808-V"
    },
    {
        "conclusion_id": "107404-V",
        "premise_id": "126461-V"
    },
    {
        "conclusion_id": "107408-V",
        "premise_id": "125871-V"
    },
    {
        "conclusion_id": "115788-V",
        "premise_id": "131554-V"
    },
    {
        "conclusion_id": "113005-V",
        "premise_id": "131551-V"
    },
    {
        "conclusion_id": "2465-V",
        "premise_id": "134580-V"
    },
    {
        "conclusion_id": "123363-V",
        "premise_id": "126443-V"
    },
    {
        "conclusion_id": "124247-V",
        "premise_id": "127411-V"
    },
    {
        "conclusion_id": "4847-V",
        "premise_id": "131460-V"
    },
    {
        "conclusion_id": "149352-V",
        "premise_id": "140830-V"
    },
    {
        "conclusion_id": "126239-V",
        "premise_id": "134701-V"
    },
    {
        "conclusion_id": "106565-V",
        "premise_id": "129089-V"
    },
    {
        "conclusion_id": "107445-V",
        "premise_id": "131391-V"
    },
    {
        "conclusion_id": "107003-V",
        "premise_id": "126364-V"
    },
    {
        "conclusion_id": "1061-V",
        "premise_id": "131388-V"
    },
    {
        "conclusion_id": "115593-V",
        "premise_id": "131385-V"
    },
    {
        "conclusion_id": "1033-V",
        "premise_id": "131383-V"
    },
    {
        "conclusion_id": "1664-V",
        "premise_id": "125161-V"
    },
    {
        "conclusion_id": "111094-V",
        "premise_id": "138179-V"
    },
    {
        "conclusion_id": "127188-V",
        "premise_id": "131357-V"
    },
    {
        "conclusion_id": "111997-V",
        "premise_id": "127383-V"
    },
    {
        "conclusion_id": "153677-V",
        "premise_id": "139312-V"
    },
    {
        "conclusion_id": "115995-V",
        "premise_id": "136974-V"
    },
    {
        "conclusion_id": "116044-V",
        "premise_id": "127373-V"
    },
    {
        "conclusion_id": "1221-V",
        "premise_id": "126340-V"
    },
    {
        "conclusion_id": "115825-V",
        "premise_id": "127328-V"
    },
    {
        "conclusion_id": "112133-V",
        "premise_id": "131218-V"
    },
    {
        "conclusion_id": "115246-V",
        "premise_id": "131216-V"
    },
    {
        "conclusion_id": "106497-V",
        "premise_id": "131211-V"
    },
    {
        "conclusion_id": "149274-V",
        "premise_id": "138222-V"
    },
    {
        "conclusion_id": "1636-V",
        "premise_id": "138222-V"
    },
    {
        "conclusion_id": "114580-V",
        "premise_id": "131144-V"
    },
    {
        "conclusion_id": "106781-V",
        "premise_id": "131137-V"
    },
    {
        "conclusion_id": "131135-V",
        "premise_id": "131136-V"
    },
    {
        "conclusion_id": "114188-V",
        "premise_id": "131135-V"
    },
    {
        "conclusion_id": "111022-V",
        "premise_id": "131068-V"
    },
    {
        "conclusion_id": "106888-V",
        "premise_id": "127316-V"
    },
    {
        "conclusion_id": "111862-V",
        "premise_id": "125836-V"
    },
    {
        "conclusion_id": "120560-V",
        "premise_id": "125835-V"
    },
    {
        "conclusion_id": "118058-V",
        "premise_id": "127314-V"
    },
    {
        "conclusion_id": "118499-V",
        "premise_id": "139850-V"
    },
    {
        "conclusion_id": "106686-V",
        "premise_id": "128807-V"
    },
    {
        "conclusion_id": "3447-V",
        "premise_id": "130979-V"
    },
    {
        "conclusion_id": "106657-V",
        "premise_id": "126287-V"
    },
    {
        "conclusion_id": "868-V",
        "premise_id": "128800-V"
    },
    {
        "conclusion_id": "111479-V",
        "premise_id": "140451-V"
    },
    {
        "conclusion_id": "111782-V",
        "premise_id": "130966-V"
    },
    {
        "conclusion_id": "111791-V",
        "premise_id": "137141-V"
    },
    {
        "conclusion_id": "116768-V",
        "premise_id": "138329-V"
    },
    {
        "conclusion_id": "116044-V",
        "premise_id": "138330-V"
    },
    {
        "conclusion_id": "111762-V",
        "premise_id": "135057-V"
    },
    {
        "conclusion_id": "118172-V",
        "premise_id": "130952-V"
    },
    {
        "conclusion_id": "106865-V",
        "premise_id": "135060-V"
    },
    {
        "conclusion_id": "107402-V",
        "premise_id": "130950-V"
    },
    {
        "conclusion_id": "119667-V",
        "premise_id": "130948-V"
    },
    {
        "conclusion_id": "111866-V",
        "premise_id": "135100-V"
    },
    {
        "conclusion_id": "107104-V",
        "premise_id": "130891-V"
    },
    {
        "conclusion_id": "128780-V",
        "premise_id": "128782-V"
    },
    {
        "conclusion_id": "114462-V",
        "premise_id": "135131-V"
    },
    {
        "conclusion_id": "116044-V",
        "premise_id": "130886-V"
    },
    {
        "conclusion_id": "106517-V",
        "premise_id": "135140-V"
    },
    {
        "conclusion_id": "133733-V",
        "premise_id": "138371-V"
    },
    {
        "conclusion_id": "147852-V",
        "premise_id": "135157-V"
    },
    {
        "conclusion_id": "112688-V",
        "premise_id": "128774-V"
    },
    {
        "conclusion_id": "107408-V",
        "premise_id": "126256-V"
    },
    {
        "conclusion_id": "117599-V",
        "premise_id": "126251-V"
    },
    {
        "conclusion_id": "106626-V",
        "premise_id": "130803-V"
    },
    {
        "conclusion_id": "118691-V",
        "premise_id": "128665-V"
    },
    {
        "conclusion_id": "132789-V",
        "premise_id": "137223-V"
    },
    {
        "conclusion_id": "115032-V",
        "premise_id": "126249-V"
    },
    {
        "conclusion_id": "107446-V",
        "premise_id": "128663-V"
    },
    {
        "conclusion_id": "139835-V",
        "premise_id": "138430-V"
    },
    {
        "conclusion_id": "115890-V",
        "premise_id": "130579-V"
    },
    {
        "conclusion_id": "117091-V",
        "premise_id": "130547-V"
    },
    {
        "conclusion_id": "114267-V",
        "premise_id": "130542-V"
    },
    {
        "conclusion_id": "106916-V",
        "premise_id": "135451-V"
    },
    {
        "conclusion_id": "107408-V",
        "premise_id": "130508-V"
    },
    {
        "conclusion_id": "107414-V",
        "premise_id": "130507-V"
    },
    {
        "conclusion_id": "137871-V",
        "premise_id": "137302-V"
    },
    {
        "conclusion_id": "116971-V",
        "premise_id": "126244-V"
    },
    {
        "conclusion_id": "115158-V",
        "premise_id": "125807-V"
    },
    {
        "conclusion_id": "2055-V",
        "premise_id": "130497-V"
    },
    {
        "conclusion_id": "127244-V",
        "premise_id": "127243-V"
    },
    {
        "conclusion_id": "130469-V",
        "premise_id": "130468-V"
    },
    {
        "conclusion_id": "115938-V",
        "premise_id": "130467-V"
    },
    {
        "conclusion_id": "1061-V",
        "premise_id": "125806-V"
    },
    {
        "conclusion_id": "113256-V",
        "premise_id": "135549-V"
    },
    {
        "conclusion_id": "115981-V",
        "premise_id": "125803-V"
    },
    {
        "conclusion_id": "151305-V",
        "premise_id": "128614-V"
    },
    {
        "conclusion_id": "116698-V",
        "premise_id": "130451-V"
    },
    {
        "conclusion_id": "122204-V",
        "premise_id": "126229-V"
    },
    {
        "conclusion_id": "107318-V",
        "premise_id": "130450-V"
    },
    {
        "conclusion_id": "142004-V",
        "premise_id": "128603-V"
    },
    {
        "conclusion_id": "110475-V",
        "premise_id": "130444-V"
    },
    {
        "conclusion_id": "8051-V",
        "premise_id": "130370-V"
    },
    {
        "conclusion_id": "114520-V",
        "premise_id": "130365-V"
    },
    {
        "conclusion_id": "840-V",
        "premise_id": "137389-V"
    },
    {
        "conclusion_id": "130356-V",
        "premise_id": "130357-V"
    },
    {
        "conclusion_id": "115535-V",
        "premise_id": "130356-V"
    },
    {
        "conclusion_id": "111095-V",
        "premise_id": "137397-V"
    },
    {
        "conclusion_id": "120372-V",
        "premise_id": "137397-V"
    },
    {
        "conclusion_id": "111611-V",
        "premise_id": "140492-V"
    },
    {
        "conclusion_id": "125842-V",
        "premise_id": "127230-V"
    },
    {
        "conclusion_id": "119132-V",
        "premise_id": "128578-V"
    },
    {
        "conclusion_id": "125423-V",
        "premise_id": "125422-V"
    },
    {
        "conclusion_id": "111192-V",
        "premise_id": "125796-V"
    },
    {
        "conclusion_id": "111641-V",
        "premise_id": "128446-V"
    },
    {
        "conclusion_id": "107592-V",
        "premise_id": "128445-V"
    },
    {
        "conclusion_id": "116031-V",
        "premise_id": "126185-V"
    },
    {
        "conclusion_id": "119076-V",
        "premise_id": "128442-V"
    },
    {
        "conclusion_id": "119152-V",
        "premise_id": "130131-V"
    },
    {
        "conclusion_id": "130131-V",
        "premise_id": "130130-V"
    },
    {
        "conclusion_id": "111596-V",
        "premise_id": "126182-V"
    },
    {
        "conclusion_id": "107106-V",
        "premise_id": "130102-V"
    },
    {
        "conclusion_id": "117017-V",
        "premise_id": "125366-V"
    },
    {
        "conclusion_id": "107446-V",
        "premise_id": "130079-V"
    },
    {
        "conclusion_id": "1155-V",
        "premise_id": "127202-V"
    },
    {
        "conclusion_id": "114461-V",
        "premise_id": "128410-V"
    },
    {
        "conclusion_id": "114462-V",
        "premise_id": "128410-V"
    },
    {
        "conclusion_id": "114462-V",
        "premise_id": "128409-V"
    },
    {
        "conclusion_id": "118864-V",
        "premise_id": "128409-V"
    },
    {
        "conclusion_id": "114188-V",
        "premise_id": "137522-V"
    },
    {
        "conclusion_id": "111458-V",
        "premise_id": "130068-V"
    },
    {
        "conclusion_id": "154941-V",
        "premise_id": "130061-V"
    },
    {
        "conclusion_id": "134697-V",
        "premise_id": "130059-V"
    },
    {
        "conclusion_id": "107410-V",
        "premise_id": "138623-V"
    },
    {
        "conclusion_id": "111592-V",
        "premise_id": "138623-V"
    },
    {
        "conclusion_id": "114120-V",
        "premise_id": "138623-V"
    },
    {
        "conclusion_id": "109231-V",
        "premise_id": "130051-V"
    },
    {
        "conclusion_id": "124725-V",
        "premise_id": "127188-V"
    },
    {
        "conclusion_id": "107469-V",
        "premise_id": "139553-V"
    },
    {
        "conclusion_id": "5136-V",
        "premise_id": "125349-V"
    },
    {
        "conclusion_id": "121086-V",
        "premise_id": "126165-V"
    },
    {
        "conclusion_id": "107404-V",
        "premise_id": "127172-V"
    },
    {
        "conclusion_id": "111768-V",
        "premise_id": "123554-V"
    },
    {
        "conclusion_id": "106885-V",
        "premise_id": "118808-V"
    },
    {
        "conclusion_id": "107498-V",
        "premise_id": "118808-V"
    },
    {
        "conclusion_id": "110832-V",
        "premise_id": "115773-V"
    },
    {
        "conclusion_id": "106506-V",
        "premise_id": "116538-V"
    },
    {
        "conclusion_id": "106916-V",
        "premise_id": "118780-V"
    },
    {
        "conclusion_id": "140441-V",
        "premise_id": "118776-V"
    },
    {
        "conclusion_id": "117428-V",
        "premise_id": "115032-V"
    },
    {
        "conclusion_id": "116816-V",
        "premise_id": "118899-V"
    },
    {
        "conclusion_id": "113962-V",
        "premise_id": "115287-V"
    },
    {
        "conclusion_id": "142056-V",
        "premise_id": "121030-V"
    },
    {
        "conclusion_id": "115246-V",
        "premise_id": "115286-V"
    },
    {
        "conclusion_id": "109231-V",
        "premise_id": "118721-V"
    },
    {
        "conclusion_id": "114549-V",
        "premise_id": "118721-V"
    },
    {
        "conclusion_id": "603-V",
        "premise_id": "123572-V"
    },
    {
        "conclusion_id": "112937-V",
        "premise_id": "123573-V"
    },
    {
        "conclusion_id": "109231-V",
        "premise_id": "115745-V"
    },
    {
        "conclusion_id": "128916-V",
        "premise_id": "121049-V"
    },
    {
        "conclusion_id": "128919-V",
        "premise_id": "121049-V"
    },
    {
        "conclusion_id": "126072-V",
        "premise_id": "118689-V"
    },
    {
        "conclusion_id": "106517-V",
        "premise_id": "118966-V"
    },
    {
        "conclusion_id": "114578-V",
        "premise_id": "116476-V"
    },
    {
        "conclusion_id": "107489-V",
        "premise_id": "115021-V"
    },
    {
        "conclusion_id": "107469-V",
        "premise_id": "115020-V"
    },
    {
        "conclusion_id": "115246-V",
        "premise_id": "116466-V"
    },
    {
        "conclusion_id": "111788-V",
        "premise_id": "118621-V"
    },
    {
        "conclusion_id": "120855-V",
        "premise_id": "118595-V"
    },
    {
        "conclusion_id": "120812-V",
        "premise_id": "118594-V"
    },
    {
        "conclusion_id": "4042-V",
        "premise_id": "124821-V"
    },
    {
        "conclusion_id": "109231-V",
        "premise_id": "115724-V"
    },
    {
        "conclusion_id": "111782-V",
        "premise_id": "118571-V"
    },
    {
        "conclusion_id": "116398-V",
        "premise_id": "116456-V"
    },
    {
        "conclusion_id": "107445-V",
        "premise_id": "115722-V"
    },
    {
        "conclusion_id": "111002-V",
        "premise_id": "119037-V"
    },
    {
        "conclusion_id": "112133-V",
        "premise_id": "118540-V"
    },
    {
        "conclusion_id": "107490-V",
        "premise_id": "118539-V"
    },
    {
        "conclusion_id": "115853-V",
        "premise_id": "116446-V"
    },
    {
        "conclusion_id": "107105-V",
        "premise_id": "116445-V"
    },
    {
        "conclusion_id": "115718-V",
        "premise_id": "115717-V"
    },
    {
        "conclusion_id": "2431-V",
        "premise_id": "116441-V"
    },
    {
        "conclusion_id": "133439-V",
        "premise_id": "119067-V"
    },
    {
        "conclusion_id": "106933-V",
        "premise_id": "118501-V"
    },
    {
        "conclusion_id": "120560-V",
        "premise_id": "116436-V"
    },
    {
        "conclusion_id": "113462-V",
        "premise_id": "118493-V"
    },
    {
        "conclusion_id": "107469-V",
        "premise_id": "115715-V"
    },
    {
        "conclusion_id": "106888-V",
        "premise_id": "114502-V"
    },
    {
        "conclusion_id": "107470-V",
        "premise_id": "118452-V"
    },
    {
        "conclusion_id": "120863-V",
        "premise_id": "118450-V"
    },
    {
        "conclusion_id": "113413-V",
        "premise_id": "115279-V"
    },
    {
        "conclusion_id": "113453-V",
        "premise_id": "121137-V"
    },
    {
        "conclusion_id": "119152-V",
        "premise_id": "116419-V"
    },
    {
        "conclusion_id": "107470-V",
        "premise_id": "118418-V"
    },
    {
        "conclusion_id": "123524-V",
        "premise_id": "124926-V"
    },
    {
        "conclusion_id": "124925-V",
        "premise_id": "124926-V"
    },
    {
        "conclusion_id": "175-V",
        "premise_id": "118388-V"
    },
    {
        "conclusion_id": "116044-V",
        "premise_id": "121152-V"
    },
    {
        "conclusion_id": "109451-V",
        "premise_id": "119173-V"
    },
    {
        "conclusion_id": "115535-V",
        "premise_id": "118361-V"
    },
    {
        "conclusion_id": "107446-V",
        "premise_id": "118360-V"
    },
    {
        "conclusion_id": "113005-V",
        "premise_id": "115695-V"
    },
    {
        "conclusion_id": "114267-V",
        "premise_id": "116368-V"
    },
    {
        "conclusion_id": "111791-V",
        "premise_id": "118281-V"
    },
    {
        "conclusion_id": "114188-V",
        "premise_id": "116362-V"
    },
    {
        "conclusion_id": "106497-V",
        "premise_id": "116360-V"
    },
    {
        "conclusion_id": "117564-V",
        "premise_id": "121205-V"
    },
    {
        "conclusion_id": "114663-V",
        "premise_id": "115256-V"
    },
    {
        "conclusion_id": "116246-V",
        "premise_id": "118227-V"
    },
    {
        "conclusion_id": "107404-V",
        "premise_id": "114976-V"
    },
    {
        "conclusion_id": "120487-V",
        "premise_id": "115690-V"
    },
    {
        "conclusion_id": "111095-V",
        "premise_id": "118190-V"
    },
    {
        "conclusion_id": "2458-V",
        "premise_id": "124678-V"
    },
    {
        "conclusion_id": "116418-V",
        "premise_id": "116334-V"
    },
    {
        "conclusion_id": "118562-V",
        "premise_id": "119317-V"
    },
    {
        "conclusion_id": "118140-V",
        "premise_id": "118139-V"
    },
    {
        "conclusion_id": "115671-V",
        "premise_id": "116328-V"
    },
    {
        "conclusion_id": "117912-V",
        "premise_id": "119336-V"
    },
    {
        "conclusion_id": "112819-V",
        "premise_id": "118103-V"
    },
    {
        "conclusion_id": "131065-V",
        "premise_id": "116322-V"
    },
    {
        "conclusion_id": "1061-V",
        "premise_id": "118095-V"
    },
    {
        "conclusion_id": "115155-V",
        "premise_id": "118062-V"
    },
    {
        "conclusion_id": "4522-V",
        "premise_id": "118061-V"
    },
    {
        "conclusion_id": "109231-V",
        "premise_id": "118060-V"
    },
    {
        "conclusion_id": "116310-V",
        "premise_id": "116311-V"
    },
    {
        "conclusion_id": "115549-V",
        "premise_id": "116309-V"
    },
    {
        "conclusion_id": "111599-V",
        "premise_id": "114961-V"
    },
    {
        "conclusion_id": "107445-V",
        "premise_id": "115245-V"
    },
    {
        "conclusion_id": "115389-V",
        "premise_id": "115675-V"
    },
    {
        "conclusion_id": "111540-V",
        "premise_id": "115237-V"
    },
    {
        "conclusion_id": "115234-V",
        "premise_id": "115237-V"
    },
    {
        "conclusion_id": "110784-V",
        "premise_id": "114959-V"
    },
    {
        "conclusion_id": "109231-V",
        "premise_id": "114549-V"
    },
    {
        "conclusion_id": "116804-V",
        "premise_id": "117968-V"
    },
    {
        "conclusion_id": "3165-V",
        "premise_id": "116295-V"
    },
    {
        "conclusion_id": "107470-V",
        "premise_id": "124398-V"
    },
    {
        "conclusion_id": "120863-V",
        "premise_id": "115668-V"
    },
    {
        "conclusion_id": "114118-V",
        "premise_id": "121301-V"
    },
    {
        "conclusion_id": "111782-V",
        "premise_id": "121305-V"
    },
    {
        "conclusion_id": "114118-V",
        "premise_id": "117934-V"
    },
    {
        "conclusion_id": "114462-V",
        "premise_id": "117927-V"
    },
    {
        "conclusion_id": "114637-V",
        "premise_id": "119451-V"
    },
    {
        "conclusion_id": "111045-V",
        "premise_id": "117918-V"
    },
    {
        "conclusion_id": "107470-V",
        "premise_id": "117912-V"
    },
    {
        "conclusion_id": "112133-V",
        "premise_id": "121320-V"
    },
    {
        "conclusion_id": "111112-V",
        "premise_id": "121334-V"
    },
    {
        "conclusion_id": "111104-V",
        "premise_id": "119492-V"
    },
    {
        "conclusion_id": "115800-V",
        "premise_id": "119494-V"
    },
    {
        "conclusion_id": "117094-V",
        "premise_id": "119502-V"
    },
    {
        "conclusion_id": "116269-V",
        "premise_id": "116271-V"
    },
    {
        "conclusion_id": "125191-V",
        "premise_id": "119504-V"
    },
    {
        "conclusion_id": "2055-V",
        "premise_id": "119509-V"
    },
    {
        "conclusion_id": "115155-V",
        "premise_id": "116269-V"
    },
    {
        "conclusion_id": "112750-V",
        "premise_id": "121346-V"
    },
    {
        "conclusion_id": "111978-V",
        "premise_id": "117842-V"
    },
    {
        "conclusion_id": "110409-V",
        "premise_id": "115661-V"
    },
    {
        "conclusion_id": "110437-V",
        "premise_id": "117840-V"
    },
    {
        "conclusion_id": "115787-V",
        "premise_id": "117836-V"
    },
    {
        "conclusion_id": "117829-V",
        "premise_id": "117830-V"
    },
    {
        "conclusion_id": "111156-V",
        "premise_id": "116265-V"
    },
    {
        "conclusion_id": "117823-V",
        "premise_id": "117822-V"
    },
    {
        "conclusion_id": "107470-V",
        "premise_id": "123799-V"
    },
    {
        "conclusion_id": "112813-V",
        "premise_id": "115215-V"
    },
    {
        "conclusion_id": "114549-V",
        "premise_id": "114548-V"
    },
    {
        "conclusion_id": "109121-V",
        "premise_id": "115655-V"
    },
    {
        "conclusion_id": "113462-V",
        "premise_id": "117804-V"
    },
    {
        "conclusion_id": "110780-V",
        "premise_id": "123802-V"
    },
    {
        "conclusion_id": "111030-V",
        "premise_id": "115654-V"
    },
    {
        "conclusion_id": "117791-V",
        "premise_id": "117792-V"
    },
    {
        "conclusion_id": "112177-V",
        "premise_id": "121373-V"
    },
    {
        "conclusion_id": "115140-V",
        "premise_id": "117786-V"
    },
    {
        "conclusion_id": "112177-V",
        "premise_id": "121374-V"
    },
    {
        "conclusion_id": "109451-V",
        "premise_id": "117784-V"
    },
    {
        "conclusion_id": "5269-V",
        "premise_id": "123803-V"
    },
    {
        "conclusion_id": "106781-V",
        "premise_id": "116244-V"
    },
    {
        "conclusion_id": "120095-V",
        "premise_id": "116244-V"
    },
    {
        "conclusion_id": "117067-V",
        "premise_id": "124699-V"
    },
    {
        "conclusion_id": "116270-V",
        "premise_id": "116232-V"
    },
    {
        "conclusion_id": "5389-V",
        "premise_id": "116232-V"
    },
    {
        "conclusion_id": "116044-V",
        "premise_id": "117650-V"
    },
    {
        "conclusion_id": "106860-V",
        "premise_id": "117641-V"
    },
    {
        "conclusion_id": "108821-V",
        "premise_id": "121418-V"
    },
    {
        "conclusion_id": "151282-V",
        "premise_id": "121418-V"
    },
    {
        "conclusion_id": "133503-V",
        "premise_id": "121419-V"
    },
    {
        "conclusion_id": "107445-V",
        "premise_id": "115205-V"
    },
    {
        "conclusion_id": "112688-V",
        "premise_id": "117621-V"
    },
    {
        "conclusion_id": "115041-V",
        "premise_id": "116228-V"
    },
    {
        "conclusion_id": "107445-V",
        "premise_id": "117616-V"
    },
    {
        "conclusion_id": "115136-V",
        "premise_id": "117611-V"
    },
    {
        "conclusion_id": "116246-V",
        "premise_id": "119676-V"
    },
    {
        "conclusion_id": "106587-V",
        "premise_id": "116223-V"
    },
    {
        "conclusion_id": "115219-V",
        "premise_id": "117596-V"
    },
    {
        "conclusion_id": "114046-V",
        "premise_id": "115629-V"
    },
    {
        "conclusion_id": "111144-V",
        "premise_id": "116221-V"
    },
    {
        "conclusion_id": "106955-V",
        "premise_id": "117584-V"
    },
    {
        "conclusion_id": "1754-V",
        "premise_id": "117583-V"
    },
    {
        "conclusion_id": "117564-V",
        "premise_id": "117562-V"
    },
    {
        "conclusion_id": "123423-V",
        "premise_id": "115624-V"
    },
    {
        "conclusion_id": "135046-V",
        "premise_id": "115624-V"
    },
    {
        "conclusion_id": "107445-V",
        "premise_id": "115202-V"
    },
    {
        "conclusion_id": "113005-V",
        "premise_id": "116203-V"
    },
    {
        "conclusion_id": "107469-V",
        "premise_id": "117544-V"
    },
    {
        "conclusion_id": "115695-V",
        "premise_id": "116202-V"
    },
    {
        "conclusion_id": "113766-V",
        "premise_id": "119750-V"
    },
    {
        "conclusion_id": "117530-V",
        "premise_id": "117529-V"
    },
    {
        "conclusion_id": "106587-V",
        "premise_id": "117528-V"
    },
    {
        "conclusion_id": "111668-V",
        "premise_id": "123845-V"
    },
    {
        "conclusion_id": "114187-V",
        "premise_id": "123846-V"
    },
    {
        "conclusion_id": "118768-V",
        "premise_id": "121473-V"
    },
    {
        "conclusion_id": "107469-V",
        "premise_id": "117504-V"
    },
    {
        "conclusion_id": "107470-V",
        "premise_id": "117484-V"
    },
    {
        "conclusion_id": "107469-V",
        "premise_id": "117443-V"
    },
    {
        "conclusion_id": "114188-V",
        "premise_id": "116186-V"
    },
    {
        "conclusion_id": "107469-V",
        "premise_id": "117432-V"
    },
    {
        "conclusion_id": "111190-V",
        "premise_id": "119795-V"
    },
    {
        "conclusion_id": "115853-V",
        "premise_id": "119798-V"
    },
    {
        "conclusion_id": "118005-V",
        "premise_id": "116171-V"
    },
    {
        "conclusion_id": "111260-V",
        "premise_id": "117385-V"
    },
    {
        "conclusion_id": "120154-V",
        "premise_id": "117385-V"
    },
    {
        "conclusion_id": "134447-V",
        "premise_id": "116166-V"
    },
    {
        "conclusion_id": "115225-V",
        "premise_id": "119825-V"
    },
    {
        "conclusion_id": "115089-V",
        "premise_id": "116164-V"
    },
    {
        "conclusion_id": "111782-V",
        "premise_id": "116162-V"
    },
    {
        "conclusion_id": "106550-V",
        "premise_id": "117366-V"
    },
    {
        "conclusion_id": "113723-V",
        "premise_id": "115597-V"
    },
    {
        "conclusion_id": "115825-V",
        "premise_id": "117346-V"
    },
    {
        "conclusion_id": "107469-V",
        "premise_id": "116151-V"
    },
    {
        "conclusion_id": "112133-V",
        "premise_id": "117337-V"
    },
    {
        "conclusion_id": "108948-V",
        "premise_id": "124713-V"
    },
    {
        "conclusion_id": "115158-V",
        "premise_id": "116149-V"
    },
    {
        "conclusion_id": "112133-V",
        "premise_id": "123877-V"
    },
    {
        "conclusion_id": "116310-V",
        "premise_id": "117309-V"
    },
    {
        "conclusion_id": "109231-V",
        "premise_id": "117306-V"
    },
    {
        "conclusion_id": "111782-V",
        "premise_id": "119877-V"
    },
    {
        "conclusion_id": "112751-V",
        "premise_id": "119879-V"
    },
    {
        "conclusion_id": "107445-V",
        "premise_id": "117297-V"
    },
    {
        "conclusion_id": "111862-V",
        "premise_id": "115186-V"
    },
    {
        "conclusion_id": "116603-V",
        "premise_id": "117295-V"
    },
    {
        "conclusion_id": "111112-V",
        "premise_id": "116146-V"
    },
    {
        "conclusion_id": "113330-V",
        "premise_id": "117294-V"
    },
    {
        "conclusion_id": "112177-V",
        "premise_id": "117290-V"
    },
    {
        "conclusion_id": "110409-V",
        "premise_id": "114880-V"
    },
    {
        "conclusion_id": "116044-V",
        "premise_id": "117289-V"
    },
    {
        "conclusion_id": "115158-V",
        "premise_id": "117287-V"
    },
    {
        "conclusion_id": "115592-V",
        "premise_id": "115591-V"
    },
    {
        "conclusion_id": "154109-V",
        "premise_id": "117271-V"
    },
    {
        "conclusion_id": "111791-V",
        "premise_id": "115184-V"
    },
    {
        "conclusion_id": "129789-V",
        "premise_id": "119928-V"
    },
    {
        "conclusion_id": "111959-V",
        "premise_id": "123892-V"
    },
    {
        "conclusion_id": "120560-V",
        "premise_id": "117213-V"
    },
    {
        "conclusion_id": "123443-V",
        "premise_id": "119933-V"
    },
    {
        "conclusion_id": "115174-V",
        "premise_id": "119935-V"
    },
    {
        "conclusion_id": "123938-V",
        "premise_id": "117209-V"
    },
    {
        "conclusion_id": "123938-V",
        "premise_id": "117208-V"
    },
    {
        "conclusion_id": "145768-V",
        "premise_id": "117194-V"
    },
    {
        "conclusion_id": "123389-V",
        "premise_id": "115180-V"
    },
    {
        "conclusion_id": "107445-V",
        "premise_id": "115582-V"
    },
    {
        "conclusion_id": "106961-V",
        "premise_id": "119977-V"
    },
    {
        "conclusion_id": "106932-V",
        "premise_id": "115578-V"
    },
    {
        "conclusion_id": "117709-V",
        "premise_id": "117172-V"
    },
    {
        "conclusion_id": "4847-V",
        "premise_id": "117172-V"
    },
    {
        "conclusion_id": "1061-V",
        "premise_id": "117171-V"
    },
    {
        "conclusion_id": "106866-V",
        "premise_id": "115575-V"
    },
    {
        "conclusion_id": "107404-V",
        "premise_id": "123906-V"
    },
    {
        "conclusion_id": "106467-V",
        "premise_id": "119998-V"
    },
    {
        "conclusion_id": "140767-V",
        "premise_id": "115563-V"
    },
    {
        "conclusion_id": "115988-V",
        "premise_id": "115562-V"
    },
    {
        "conclusion_id": "130361-V",
        "premise_id": "120028-V"
    },
    {
        "conclusion_id": "115593-V",
        "premise_id": "117127-V"
    },
    {
        "conclusion_id": "116102-V",
        "premise_id": "116064-V"
    },
    {
        "conclusion_id": "112070-V",
        "premise_id": "120040-V"
    },
    {
        "conclusion_id": "2465-V",
        "premise_id": "115551-V"
    },
    {
        "conclusion_id": "114580-V",
        "premise_id": "117124-V"
    },
    {
        "conclusion_id": "108948-V",
        "premise_id": "117121-V"
    },
    {
        "conclusion_id": "106653-V",
        "premise_id": "117111-V"
    },
    {
        "conclusion_id": "107447-V",
        "premise_id": "120065-V"
    },
    {
        "conclusion_id": "107402-V",
        "premise_id": "114870-V"
    },
    {
        "conclusion_id": "115158-V",
        "premise_id": "116045-V"
    },
    {
        "conclusion_id": "108945-V",
        "premise_id": "117081-V"
    },
    {
        "conclusion_id": "137563-V",
        "premise_id": "123929-V"
    },
    {
        "conclusion_id": "115543-V",
        "premise_id": "115544-V"
    },
    {
        "conclusion_id": "116857-V",
        "premise_id": "124866-V"
    },
    {
        "conclusion_id": "111791-V",
        "premise_id": "120111-V"
    },
    {
        "conclusion_id": "111852-V",
        "premise_id": "117067-V"
    },
    {
        "conclusion_id": "115269-V",
        "premise_id": "124512-V"
    },
    {
        "conclusion_id": "107469-V",
        "premise_id": "116034-V"
    },
    {
        "conclusion_id": "107445-V",
        "premise_id": "115529-V"
    },
    {
        "conclusion_id": "115269-V",
        "premise_id": "115160-V"
    },
    {
        "conclusion_id": "111094-V",
        "premise_id": "115526-V"
    },
    {
        "conclusion_id": "111095-V",
        "premise_id": "115526-V"
    },
    {
        "conclusion_id": "115702-V",
        "premise_id": "120183-V"
    },
    {
        "conclusion_id": "117196-V",
        "premise_id": "124516-V"
    },
    {
        "conclusion_id": "115158-V",
        "premise_id": "115159-V"
    },
    {
        "conclusion_id": "111144-V",
        "premise_id": "116007-V"
    },
    {
        "conclusion_id": "115158-V",
        "premise_id": "115157-V"
    },
    {
        "conclusion_id": "111093-V",
        "premise_id": "115523-V"
    },
    {
        "conclusion_id": "114118-V",
        "premise_id": "117021-V"
    },
    {
        "conclusion_id": "133497-V",
        "premise_id": "117021-V"
    },
    {
        "conclusion_id": "5265-V",
        "premise_id": "122000-V"
    },
    {
        "conclusion_id": "125768-V",
        "premise_id": "117020-V"
    },
    {
        "conclusion_id": "115246-V",
        "premise_id": "115997-V"
    },
    {
        "conclusion_id": "115247-V",
        "premise_id": "115996-V"
    },
    {
        "conclusion_id": "114520-V",
        "premise_id": "114612-V"
    },
    {
        "conclusion_id": "115993-V",
        "premise_id": "115994-V"
    },
    {
        "conclusion_id": "117977-V",
        "premise_id": "120241-V"
    },
    {
        "conclusion_id": "106506-V",
        "premise_id": "116995-V"
    },
    {
        "conclusion_id": "106887-V",
        "premise_id": "116993-V"
    },
    {
        "conclusion_id": "107445-V",
        "premise_id": "115151-V"
    },
    {
        "conclusion_id": "106655-V",
        "premise_id": "120258-V"
    },
    {
        "conclusion_id": "107445-V",
        "premise_id": "115150-V"
    },
    {
        "conclusion_id": "4536-V",
        "premise_id": "120273-V"
    },
    {
        "conclusion_id": "111098-V",
        "premise_id": "120278-V"
    },
    {
        "conclusion_id": "118271-V",
        "premise_id": "122091-V"
    },
    {
        "conclusion_id": "107445-V",
        "premise_id": "115980-V"
    },
    {
        "conclusion_id": "115158-V",
        "premise_id": "124548-V"
    },
    {
        "conclusion_id": "115524-V",
        "premise_id": "115140-V"
    },
    {
        "conclusion_id": "115971-V",
        "premise_id": "115972-V"
    },
    {
        "conclusion_id": "111093-V",
        "premise_id": "115137-V"
    },
    {
        "conclusion_id": "111096-V",
        "premise_id": "115137-V"
    },
    {
        "conclusion_id": "5967-V",
        "premise_id": "120367-V"
    },
    {
        "conclusion_id": "111094-V",
        "premise_id": "120372-V"
    },
    {
        "conclusion_id": "111047-V",
        "premise_id": "120373-V"
    },
    {
        "conclusion_id": "120374-V",
        "premise_id": "120375-V"
    },
    {
        "conclusion_id": "110409-V",
        "premise_id": "114477-V"
    },
    {
        "conclusion_id": "107445-V",
        "premise_id": "115135-V"
    },
    {
        "conclusion_id": "117198-V",
        "premise_id": "116879-V"
    },
    {
        "conclusion_id": "114578-V",
        "premise_id": "114590-V"
    },
    {
        "conclusion_id": "111094-V",
        "premise_id": "116875-V"
    },
    {
        "conclusion_id": "111095-V",
        "premise_id": "116875-V"
    },
    {
        "conclusion_id": "114877-V",
        "premise_id": "115133-V"
    },
    {
        "conclusion_id": "134340-V",
        "premise_id": "116862-V"
    },
    {
        "conclusion_id": "107445-V",
        "premise_id": "114777-V"
    },
    {
        "conclusion_id": "107446-V",
        "premise_id": "116860-V"
    },
    {
        "conclusion_id": "111105-V",
        "premise_id": "122204-V"
    },
    {
        "conclusion_id": "151560-V",
        "premise_id": "116855-V"
    },
    {
        "conclusion_id": "111541-V",
        "premise_id": "115113-V"
    },
    {
        "conclusion_id": "118058-V",
        "premise_id": "116849-V"
    },
    {
        "conclusion_id": "106457-V",
        "premise_id": "120457-V"
    },
    {
        "conclusion_id": "117305-V",
        "premise_id": "120459-V"
    },
    {
        "conclusion_id": "107469-V",
        "premise_id": "116843-V"
    },
    {
        "conclusion_id": "111782-V",
        "premise_id": "115941-V"
    },
    {
        "conclusion_id": "115535-V",
        "premise_id": "116836-V"
    },
    {
        "conclusion_id": "111782-V",
        "premise_id": "115940-V"
    },
    {
        "conclusion_id": "120477-V",
        "premise_id": "120480-V"
    },
    {
        "conclusion_id": "115995-V",
        "premise_id": "116831-V"
    },
    {
        "conclusion_id": "107412-V",
        "premise_id": "115935-V"
    },
    {
        "conclusion_id": "107490-V",
        "premise_id": "115932-V"
    },
    {
        "conclusion_id": "170-V",
        "premise_id": "120498-V"
    },
    {
        "conclusion_id": "107410-V",
        "premise_id": "124581-V"
    },
    {
        "conclusion_id": "107417-V",
        "premise_id": "120501-V"
    },
    {
        "conclusion_id": "119504-V",
        "premise_id": "124122-V"
    },
    {
        "conclusion_id": "106816-V",
        "premise_id": "120505-V"
    },
    {
        "conclusion_id": "126274-V",
        "premise_id": "120508-V"
    },
    {
        "conclusion_id": "138222-V",
        "premise_id": "115920-V"
    },
    {
        "conclusion_id": "128792-V",
        "premise_id": "116815-V"
    },
    {
        "conclusion_id": "114188-V",
        "premise_id": "115915-V"
    },
    {
        "conclusion_id": "111599-V",
        "premise_id": "115438-V"
    },
    {
        "conclusion_id": "114580-V",
        "premise_id": "114581-V"
    },
    {
        "conclusion_id": "107600-V",
        "premise_id": "120546-V"
    },
    {
        "conclusion_id": "107470-V",
        "premise_id": "120552-V"
    },
    {
        "conclusion_id": "109231-V",
        "premise_id": "115435-V"
    },
    {
        "conclusion_id": "109165-V",
        "premise_id": "120557-V"
    },
    {
        "conclusion_id": "118058-V",
        "premise_id": "120559-V"
    },
    {
        "conclusion_id": "115667-V",
        "premise_id": "124784-V"
    },
    {
        "conclusion_id": "840-V",
        "premise_id": "120579-V"
    },
    {
        "conclusion_id": "111192-V",
        "premise_id": "115431-V"
    },
    {
        "conclusion_id": "114550-V",
        "premise_id": "123373-V"
    },
    {
        "conclusion_id": "120596-V",
        "premise_id": "120597-V"
    },
    {
        "conclusion_id": "111782-V",
        "premise_id": "116773-V"
    },
    {
        "conclusion_id": "111606-V",
        "premise_id": "114475-V"
    },
    {
        "conclusion_id": "123389-V",
        "premise_id": "123388-V"
    },
    {
        "conclusion_id": "116310-V",
        "premise_id": "120616-V"
    },
    {
        "conclusion_id": "2465-V",
        "premise_id": "116762-V"
    },
    {
        "conclusion_id": "107446-V",
        "premise_id": "124600-V"
    },
    {
        "conclusion_id": "115037-V",
        "premise_id": "120650-V"
    },
    {
        "conclusion_id": "115033-V",
        "premise_id": "123430-V"
    },
    {
        "conclusion_id": "107344-V",
        "premise_id": "116735-V"
    },
    {
        "conclusion_id": "144051-V",
        "premise_id": "114753-V"
    },
    {
        "conclusion_id": "149403-V",
        "premise_id": "124609-V"
    },
    {
        "conclusion_id": "115938-V",
        "premise_id": "116732-V"
    },
    {
        "conclusion_id": "112468-V",
        "premise_id": "116727-V"
    },
    {
        "conclusion_id": "115389-V",
        "premise_id": "116725-V"
    },
    {
        "conclusion_id": "4042-V",
        "premise_id": "116715-V"
    },
    {
        "conclusion_id": "114441-V",
        "premise_id": "120734-V"
    },
    {
        "conclusion_id": "132188-V",
        "premise_id": "120736-V"
    },
    {
        "conclusion_id": "5269-V",
        "premise_id": "116711-V"
    },
    {
        "conclusion_id": "115389-V",
        "premise_id": "115388-V"
    },
    {
        "conclusion_id": "117975-V",
        "premise_id": "124617-V"
    },
    {
        "conclusion_id": "107318-V",
        "premise_id": "116696-V"
    },
    {
        "conclusion_id": "1664-V",
        "premise_id": "115073-V"
    },
    {
        "conclusion_id": "108948-V",
        "premise_id": "116694-V"
    },
    {
        "conclusion_id": "114520-V",
        "premise_id": "115856-V"
    },
    {
        "conclusion_id": "106813-V",
        "premise_id": "120762-V"
    },
    {
        "conclusion_id": "111782-V",
        "premise_id": "116690-V"
    },
    {
        "conclusion_id": "130166-V",
        "premise_id": "124800-V"
    },
    {
        "conclusion_id": "107404-V",
        "premise_id": "114747-V"
    },
    {
        "conclusion_id": "118119-V",
        "premise_id": "120790-V"
    },
    {
        "conclusion_id": "8456-V",
        "premise_id": "115846-V"
    },
    {
        "conclusion_id": "115589-V",
        "premise_id": "120799-V"
    },
    {
        "conclusion_id": "115158-V",
        "premise_id": "116666-V"
    },
    {
        "conclusion_id": "119928-V",
        "premise_id": "123483-V"
    },
    {
        "conclusion_id": "127544-V",
        "premise_id": "120824-V"
    },
    {
        "conclusion_id": "111193-V",
        "premise_id": "116662-V"
    },
    {
        "conclusion_id": "116244-V",
        "premise_id": "115832-V"
    },
    {
        "conclusion_id": "111657-V",
        "premise_id": "116654-V"
    },
    {
        "conclusion_id": "115825-V",
        "premise_id": "115826-V"
    },
    {
        "conclusion_id": "145768-V",
        "premise_id": "116650-V"
    },
    {
        "conclusion_id": "107470-V",
        "premise_id": "120863-V"
    },
    {
        "conclusion_id": "115225-V",
        "premise_id": "116645-V"
    },
    {
        "conclusion_id": "118368-V",
        "premise_id": "123506-V"
    },
    {
        "conclusion_id": "114462-V",
        "premise_id": "115313-V"
    },
    {
        "conclusion_id": "840-V",
        "premise_id": "114505-V"
    },
    {
        "conclusion_id": "121320-V",
        "premise_id": "115307-V"
    },
    {
        "conclusion_id": "106587-V",
        "premise_id": "115803-V"
    },
    {
        "conclusion_id": "111144-V",
        "premise_id": "124632-V"
    },
    {
        "conclusion_id": "115389-V",
        "premise_id": "116610-V"
    },
    {
        "conclusion_id": "111031-V",
        "premise_id": "115301-V"
    },
    {
        "conclusion_id": "115773-V",
        "premise_id": "116591-V"
    },
    {
        "conclusion_id": "114188-V",
        "premise_id": "116590-V"
    },
    {
        "conclusion_id": "117829-V",
        "premise_id": "115298-V"
    },
    {
        "conclusion_id": "133440-V",
        "premise_id": "115298-V"
    },
    {
        "conclusion_id": "114578-V",
        "premise_id": "116585-V"
    },
    {
        "conclusion_id": "111466-V",
        "premise_id": "116580-V"
    },
    {
        "conclusion_id": "115783-V",
        "premise_id": "115782-V"
    },
    {
        "conclusion_id": "111047-V",
        "premise_id": "115035-V"
    },
    {
        "conclusion_id": "152617-V",
        "premise_id": "120970-V"
    },
    {
        "conclusion_id": "111888-V",
        "premise_id": "124267-V"
    },
    {
        "conclusion_id": "107446-V",
        "premise_id": "124272-V"
    },
    {
        "conclusion_id": "107470-V",
        "premise_id": "120988-V"
    },
    {
        "conclusion_id": "120863-V",
        "premise_id": "120989-V"
    },
    {
        "conclusion_id": "114578-V",
        "premise_id": "115779-V"
    },
    {
        "conclusion_id": "111791-V",
        "premise_id": "115776-V"
    },
    {
        "conclusion_id": "118791-V",
        "premise_id": "116563-V"
    },
    {
        "conclusion_id": "109231-V",
        "premise_id": "116562-V"
    },
    {
        "conclusion_id": "111657-V",
        "premise_id": "113386-V"
    },
    {
        "conclusion_id": "119616-V",
        "premise_id": "106965-V"
    },
    {
        "conclusion_id": "115698-V",
        "premise_id": "112076-V"
    },
    {
        "conclusion_id": "112133-V",
        "premise_id": "112276-V"
    },
    {
        "conclusion_id": "3406-V",
        "premise_id": "1061-V"
    },
    {
        "conclusion_id": "107404-V",
        "premise_id": "111019-V"
    },
    {
        "conclusion_id": "3513-V",
        "premise_id": "106991-V"
    },
    {
        "conclusion_id": "111101-V",
        "premise_id": "111108-V"
    },
    {
        "conclusion_id": "107009-V",
        "premise_id": "107007-V"
    },
    {
        "conclusion_id": "115744-V",
        "premise_id": "111414-V"
    },
    {
        "conclusion_id": "107003-V",
        "premise_id": "107009-V"
    },
    {
        "conclusion_id": "111714-V",
        "premise_id": "111715-V"
    },
    {
        "conclusion_id": "119739-V",
        "premise_id": "107011-V"
    },
    {
        "conclusion_id": "5815-V",
        "premise_id": "113823-V"
    },
    {
        "conclusion_id": "110409-V",
        "premise_id": "113157-V"
    },
    {
        "conclusion_id": "107010-V",
        "premise_id": "112291-V"
    },
    {
        "conclusion_id": "3036-V",
        "premise_id": "114327-V"
    },
    {
        "conclusion_id": "107404-V",
        "premise_id": "110823-V"
    },
    {
        "conclusion_id": "114891-V",
        "premise_id": "112813-V"
    },
    {
        "conclusion_id": "111095-V",
        "premise_id": "111094-V"
    },
    {
        "conclusion_id": "111671-V",
        "premise_id": "111929-V"
    },
    {
        "conclusion_id": "111100-V",
        "premise_id": "111178-V"
    },
    {
        "conclusion_id": "143760-V",
        "premise_id": "111178-V"
    },
    {
        "conclusion_id": "111022-V",
        "premise_id": "111021-V"
    },
    {
        "conclusion_id": "111093-V",
        "premise_id": "111096-V"
    },
    {
        "conclusion_id": "111888-V",
        "premise_id": "113619-V"
    },
    {
        "conclusion_id": "110726-V",
        "premise_id": "111042-V"
    },
    {
        "conclusion_id": "106974-V",
        "premise_id": "111486-V"
    },
    {
        "conclusion_id": "106781-V",
        "premise_id": "107604-V"
    },
    {
        "conclusion_id": "111100-V",
        "premise_id": "111487-V"
    },
    {
        "conclusion_id": "119125-V",
        "premise_id": "112513-V"
    },
    {
        "conclusion_id": "110784-V",
        "premise_id": "112311-V"
    },
    {
        "conclusion_id": "106813-V",
        "premise_id": "111489-V"
    },
    {
        "conclusion_id": "115116-V",
        "premise_id": "107093-V"
    },
    {
        "conclusion_id": "107408-V",
        "premise_id": "113224-V"
    },
    {
        "conclusion_id": "111048-V",
        "premise_id": "110824-V"
    },
    {
        "conclusion_id": "118590-V",
        "premise_id": "110824-V"
    },
    {
        "conclusion_id": "111101-V",
        "premise_id": "111098-V"
    },
    {
        "conclusion_id": "107099-V",
        "premise_id": "107101-V"
    },
    {
        "conclusion_id": "108945-V",
        "premise_id": "109121-V"
    },
    {
        "conclusion_id": "111844-V",
        "premise_id": "110792-V"
    },
    {
        "conclusion_id": "107104-V",
        "premise_id": "107105-V"
    },
    {
        "conclusion_id": "1604-V",
        "premise_id": "112839-V"
    },
    {
        "conclusion_id": "114189-V",
        "premise_id": "114188-V"
    },
    {
        "conclusion_id": "111959-V",
        "premise_id": "111961-V"
    },
    {
        "conclusion_id": "142102-V",
        "premise_id": "106467-V"
    },
    {
        "conclusion_id": "2190-V",
        "premise_id": "112848-V"
    },
    {
        "conclusion_id": "109109-V",
        "premise_id": "111541-V"
    },
    {
        "conclusion_id": "112133-V",
        "premise_id": "112132-V"
    },
    {
        "conclusion_id": "111193-V",
        "premise_id": "113501-V"
    },
    {
        "conclusion_id": "110801-V",
        "premise_id": "113291-V"
    },
    {
        "conclusion_id": "111541-V",
        "premise_id": "111551-V"
    },
    {
        "conclusion_id": "114462-V",
        "premise_id": "113507-V"
    },
    {
        "conclusion_id": "118966-V",
        "premise_id": "106520-V"
    },
    {
        "conclusion_id": "152828-V",
        "premise_id": "111389-V"
    },
    {
        "conclusion_id": "111791-V",
        "premise_id": "112353-V"
    },
    {
        "conclusion_id": "112354-V",
        "premise_id": "112353-V"
    },
    {
        "conclusion_id": "111791-V",
        "premise_id": "112354-V"
    },
    {
        "conclusion_id": "106485-V",
        "premise_id": "106531-V"
    },
    {
        "conclusion_id": "111782-V",
        "premise_id": "111781-V"
    },
    {
        "conclusion_id": "112550-V",
        "premise_id": "112548-V"
    },
    {
        "conclusion_id": "106587-V",
        "premise_id": "111978-V"
    },
    {
        "conclusion_id": "141239-V",
        "premise_id": "106543-V"
    },
    {
        "conclusion_id": "135081-V",
        "premise_id": "107196-V"
    },
    {
        "conclusion_id": "119434-V",
        "premise_id": "114267-V"
    },
    {
        "conclusion_id": "107414-V",
        "premise_id": "110831-V"
    },
    {
        "conclusion_id": "111093-V",
        "premise_id": "111988-V"
    },
    {
        "conclusion_id": "111096-V",
        "premise_id": "111988-V"
    },
    {
        "conclusion_id": "110720-V",
        "premise_id": "110710-V"
    },
    {
        "conclusion_id": "119028-V",
        "premise_id": "110435-V"
    },
    {
        "conclusion_id": "110784-V",
        "premise_id": "111573-V"
    },
    {
        "conclusion_id": "110435-V",
        "premise_id": "106597-V"
    },
    {
        "conclusion_id": "107412-V",
        "premise_id": "110832-V"
    },
    {
        "conclusion_id": "111192-V",
        "premise_id": "111391-V"
    },
    {
        "conclusion_id": "111614-V",
        "premise_id": "110237-V"
    },
    {
        "conclusion_id": "3788-V",
        "premise_id": "106616-V"
    },
    {
        "conclusion_id": "106504-V",
        "premise_id": "110242-V"
    },
    {
        "conclusion_id": "107003-V",
        "premise_id": "112867-V"
    },
    {
        "conclusion_id": "106517-V",
        "premise_id": "111588-V"
    },
    {
        "conclusion_id": "118966-V",
        "premise_id": "111588-V"
    },
    {
        "conclusion_id": "111030-V",
        "premise_id": "111027-V"
    },
    {
        "conclusion_id": "1155-V",
        "premise_id": "113371-V"
    },
    {
        "conclusion_id": "107408-V",
        "premise_id": "110833-V"
    },
    {
        "conclusion_id": "111002-V",
        "premise_id": "111001-V"
    },
    {
        "conclusion_id": "131401-V",
        "premise_id": "112585-V"
    },
    {
        "conclusion_id": "111596-V",
        "premise_id": "111595-V"
    },
    {
        "conclusion_id": "115102-V",
        "premise_id": "107281-V"
    },
    {
        "conclusion_id": "116929-V",
        "premise_id": "107281-V"
    },
    {
        "conclusion_id": "3513-V",
        "premise_id": "110661-V"
    },
    {
        "conclusion_id": "118046-V",
        "premise_id": "106665-V"
    },
    {
        "conclusion_id": "111596-V",
        "premise_id": "111597-V"
    },
    {
        "conclusion_id": "3663-V",
        "premise_id": "112876-V"
    },
    {
        "conclusion_id": "120070-V",
        "premise_id": "112010-V"
    },
    {
        "conclusion_id": "106686-V",
        "premise_id": "106688-V"
    },
    {
        "conclusion_id": "115524-V",
        "premise_id": "107305-V"
    },
    {
        "conclusion_id": "106783-V",
        "premise_id": "107306-V"
    },
    {
        "conclusion_id": "151329-V",
        "premise_id": "111002-V"
    },
    {
        "conclusion_id": "106617-V",
        "premise_id": "106700-V"
    },
    {
        "conclusion_id": "106701-V",
        "premise_id": "106702-V"
    },
    {
        "conclusion_id": "3233-V",
        "premise_id": "114305-V"
    },
    {
        "conclusion_id": "108945-V",
        "premise_id": "111839-V"
    },
    {
        "conclusion_id": "115544-V",
        "premise_id": "111135-V"
    },
    {
        "conclusion_id": "111606-V",
        "premise_id": "111608-V"
    },
    {
        "conclusion_id": "111614-V",
        "premise_id": "111615-V"
    },
    {
        "conclusion_id": "121507-V",
        "premise_id": "111849-V"
    },
    {
        "conclusion_id": "107340-V",
        "premise_id": "107341-V"
    },
    {
        "conclusion_id": "111849-V",
        "premise_id": "111850-V"
    },
    {
        "conclusion_id": "112133-V",
        "premise_id": "113646-V"
    },
    {
        "conclusion_id": "111849-V",
        "premise_id": "111851-V"
    },
    {
        "conclusion_id": "106504-V",
        "premise_id": "112024-V"
    },
    {
        "conclusion_id": "115853-V",
        "premise_id": "113255-V"
    },
    {
        "conclusion_id": "140533-V",
        "premise_id": "113255-V"
    },
    {
        "conclusion_id": "107408-V",
        "premise_id": "112747-V"
    },
    {
        "conclusion_id": "111916-V",
        "premise_id": "111625-V"
    },
    {
        "conclusion_id": "106715-V",
        "premise_id": "112027-V"
    },
    {
        "conclusion_id": "137445-V",
        "premise_id": "112027-V"
    },
    {
        "conclusion_id": "111001-V",
        "premise_id": "111329-V"
    },
    {
        "conclusion_id": "111041-V",
        "premise_id": "106784-V"
    },
    {
        "conclusion_id": "118005-V",
        "premise_id": "109324-V"
    },
    {
        "conclusion_id": "126782-V",
        "premise_id": "109324-V"
    },
    {
        "conclusion_id": "106781-V",
        "premise_id": "106800-V"
    },
    {
        "conclusion_id": "111612-V",
        "premise_id": "108917-V"
    },
    {
        "conclusion_id": "118499-V",
        "premise_id": "106807-V"
    },
    {
        "conclusion_id": "111371-V",
        "premise_id": "112430-V"
    },
    {
        "conclusion_id": "1664-V",
        "premise_id": "106812-V"
    },
    {
        "conclusion_id": "111866-V",
        "premise_id": "111867-V"
    },
    {
        "conclusion_id": "110508-V",
        "premise_id": "110777-V"
    },
    {
        "conclusion_id": "107328-V",
        "premise_id": "106830-V"
    },
    {
        "conclusion_id": "106800-V",
        "premise_id": "106832-V"
    },
    {
        "conclusion_id": "107416-V",
        "premise_id": "107418-V"
    },
    {
        "conclusion_id": "111192-V",
        "premise_id": "111163-V"
    },
    {
        "conclusion_id": "115089-V",
        "premise_id": "111163-V"
    },
    {
        "conclusion_id": "111437-V",
        "premise_id": "111436-V"
    },
    {
        "conclusion_id": "111048-V",
        "premise_id": "110807-V"
    },
    {
        "conclusion_id": "111845-V",
        "premise_id": "112765-V"
    },
    {
        "conclusion_id": "111110-V",
        "premise_id": "108945-V"
    },
    {
        "conclusion_id": "2465-V",
        "premise_id": "111387-V"
    },
    {
        "conclusion_id": "111588-V",
        "premise_id": "111653-V"
    },
    {
        "conclusion_id": "106529-V",
        "premise_id": "106865-V"
    },
    {
        "conclusion_id": "4042-V",
        "premise_id": "111873-V"
    },
    {
        "conclusion_id": "6154-V",
        "premise_id": "110510-V"
    },
    {
        "conclusion_id": "110719-V",
        "premise_id": "110726-V"
    },
    {
        "conclusion_id": "126072-V",
        "premise_id": "106873-V"
    },
    {
        "conclusion_id": "110808-V",
        "premise_id": "112062-V"
    },
    {
        "conclusion_id": "106883-V",
        "premise_id": "106877-V"
    },
    {
        "conclusion_id": "109109-V",
        "premise_id": "113655-V"
    },
    {
        "conclusion_id": "111876-V",
        "premise_id": "111874-V"
    },
    {
        "conclusion_id": "107445-V",
        "premise_id": "107453-V"
    },
    {
        "conclusion_id": "106800-V",
        "premise_id": "107455-V"
    },
    {
        "conclusion_id": "106974-V",
        "premise_id": "107455-V"
    },
    {
        "conclusion_id": "115593-V",
        "premise_id": "110911-V"
    },
    {
        "conclusion_id": "2431-V",
        "premise_id": "107462-V"
    },
    {
        "conclusion_id": "3513-V",
        "premise_id": "106901-V"
    },
    {
        "conclusion_id": "111002-V",
        "premise_id": "106903-V"
    },
    {
        "conclusion_id": "647-V",
        "premise_id": "107467-V"
    },
    {
        "conclusion_id": "107324-V",
        "premise_id": "111665-V"
    },
    {
        "conclusion_id": "139083-V",
        "premise_id": "111260-V"
    },
    {
        "conclusion_id": "111599-V",
        "premise_id": "111883-V"
    },
    {
        "conclusion_id": "112718-V",
        "premise_id": "111885-V"
    },
    {
        "conclusion_id": "129789-V",
        "premise_id": "113444-V"
    },
    {
        "conclusion_id": "109109-V",
        "premise_id": "111887-V"
    },
    {
        "conclusion_id": "107643-V",
        "premise_id": "112457-V"
    },
    {
        "conclusion_id": "3235-V",
        "premise_id": "113895-V"
    },
    {
        "conclusion_id": "2465-V",
        "premise_id": "112635-V"
    },
    {
        "conclusion_id": "106961-V",
        "premise_id": "106959-V"
    }
]